"Sample","Cell division","Tumor-immune-interaction","Acinar"
"MESO_001_T",0.368071448210324,0.286357096540462,0.345571455249214
"MESO_002_T2",0.320111913895518,0.54264286958728,0.137245216517202
"MESO_003_T2",0.416864433342736,0.16000846219259,0.423127104464675
"MESO_006_T",0.443982390880236,0,0.556017609119764
"MESO_007_T",0.146465522964384,0.0418256269406014,0.811708850095015
"MESO_009_T",0.228905450042265,0.338226262698367,0.432868287259368
"MESO_010_T",0.435694319945397,0,0.564305680054603
"MESO_011_T",0.408666095075099,0,0.591333904924902
"MESO_012_T",0,0.717970235247082,0.282029764752918
"MESO_013_T",0.338532886106443,0,0.661467113893558
"MESO_014_T",0.404244476650638,0.0493625068484794,0.546393016500883
"MESO_015_T",0.211871332979274,0.0646692841520996,0.723459382868627
"MESO_016_T",0.149873607920856,0.0335739560835298,0.816552435995614
"MESO_017_T",0.268243474003706,0.164464473117041,0.567292052879254
"MESO_018_T",0.348136572729171,0,0.651863427270829
"MESO_019_T",0.85344276266522,0.14655723733478,0
"MESO_020_T",0.032842656337034,0.379999119001659,0.587158224661307
"MESO_021_T",0.320639417761827,0.141223120319771,0.538137461918402
"MESO_022_T",0.0871440914979206,0.359225928602155,0.553629979899924
"MESO_023_T",0.116992266792113,0.658967292009458,0.224040441198429
"MESO_024_T",0.354109910338043,0.532436161330987,0.11345392833097
"MESO_025_T",0.436203918795545,0.104903570469738,0.458892510734717
"MESO_026_T",0.0345931439306233,0.220288963265905,0.745117892803471
"MESO_027_T",0.322250008565216,0.140941577240366,0.536808414194418
"MESO_028_T",0.0780605155679505,0.134538069319491,0.787401415112558
"MESO_029_T",0.346633591377167,0.121733117205659,0.531633291417175
"MESO_030_T",0,0.918406929134524,0.0815930708654759
"MESO_031_T",0.29505801733486,0.264896601403543,0.440045381261597
"MESO_032_T",0.251541150851846,0.437835606002178,0.310623243145976
"MESO_033_T",0,0.628199025587181,0.371800974412819
"MESO_034_T",0,0.553131682124414,0.446868317875586
"MESO_035_T",0.180837774550612,0.465181069054446,0.353981156394942
"MESO_036_T",0.0583383282906083,0.536526388308756,0.405135283400636
"MESO_037_T",0.634598150989081,0.0942606762399396,0.27114117277098
"MESO_038_T",0.292897923885077,0.290525770274782,0.416576305840141
"MESO_039_T",0.077297762222881,0.594394720831126,0.328307516945993
"MESO_040_T",0.312696192611227,0.221138094705463,0.466165712683311
"MESO_041_T1",0.141633007668215,0.485868237338583,0.372498754993202
"MESO_042_T1",0,0.506103778742078,0.493896221257923
"MESO_043_T",0,0.349184149385154,0.650815850614846
"MESO_044_T",0.375760995960814,0.409288153039664,0.214950850999522
"MESO_045_T",0,0.789183580139189,0.210816419860811
"MESO_046_T",0.480095087986246,0,0.519904912013754
"MESO_047_T",0.237235634025672,0.505099445599623,0.257664920374705
"MESO_048_T1",0.466425851836364,0.0879672392290477,0.445606908934588
"MESO_049_T",0.0850905440743011,0.258359443483091,0.656550012442608
"MESO_050_T",0.0246490600100231,0.838695521700779,0.136655418289198
"MESO_051_T",0.32185395348263,0.216895383044278,0.461250663473093
"MESO_052_T2",0.113174395707904,0.237056395351236,0.64976920894086
"MESO_053_T",0.307845384038019,0.0140700495428605,0.67808456641912
"MESO_054_T",0,0.461518519229625,0.538481480770376
"MESO_055_T",0.268250725082808,0.574713200372035,0.157036074545157
"MESO_056_T2",0.342087804757219,0.0121827441447971,0.645729451097984
"MESO_057_T2",0.307872502927984,0,0.692127497072016
"MESO_058_T2",0.122745255896453,0.58208246444377,0.295172279659776
"MESO_059_T1",0,0.490627849017229,0.509372150982771
"MESO_060_T",0,0,1
"MESO_061_T",0.0270328481559786,0.972967151844021,0
"MESO_062_T2",0,0.469547418230863,0.530452581769137
"MESO_063_T",0.0604865743840626,0.473622743237382,0.465890682378556
"MESO_064_T",0.446514792588179,0.0363706426010157,0.517114564810805
"MESO_065_T",0.00584504191619617,0.361403538073922,0.632751420009882
"MESO_066_T",0.172863273846724,0.451997469946806,0.37513925620647
"MESO_067_T",0.213023479831833,0.293260619709906,0.493715900458262
"MESO_068_T",0.0574090610420546,0.491533171697339,0.451057767260607
"MESO_069_T",0.0643479741216146,0.349701518056464,0.585950507821921
"MESO_070_T",0.222059279729271,0.6629923388927,0.114948381378029
"MESO_071_T",0.0638931273110518,0.0526846833593845,0.883422189329564
"MESO_072_T",0.648402739780757,0.0487892556780015,0.302808004541242
"MESO_073_T",0.187455411497836,0.307951965719686,0.504592622782478
"MESO_074_T",0.514071355192772,0,0.485928644807228
"MESO_075_T",0.27777706025474,0.27453501376367,0.447687925981591
"MESO_076_T",0.252317613547412,0.282850851053183,0.464831535399406
"MESO_077_T",0.42722038990808,0.0118468909166644,0.560932719175256
"MESO_078_T",0.453694197993627,0,0.546305802006373
"MESO_079_T",0,0.9251888752978,0.0748111247021998
"MESO_080_T",0.366798686548374,0.0937184488285655,0.53948286462306
"MESO_081_T",0.0564973288374065,0.471141228101554,0.472361443061039
"MESO_082_T",0.612438485218573,0.215081034786246,0.172480479995182
"MESO_083_T",0.298119339693697,0.0246865796113822,0.677194080694921
"MESO_084_T",0.0852697267143415,0.328211019053134,0.586519254232524
"MESO_085_T",0.00621176848026317,0.00288023597208631,0.990907995547651
"MESO_086_T",0,0.4689141236915,0.5310858763085
"MESO_087_T",0.177837047997116,0.306922023308735,0.51524092869415
"MESO_088_T",0.358424883305491,0.0886093682975267,0.552965748396982
"MESO_089_T",0,0.163313050660155,0.836686949339845
"MESO_090_T",0.0294009062614795,0.699508523071541,0.271090570666979
"MESO_091_T",0.384949969454744,0.168054688622113,0.446995341923143
"MESO_092_T",0.110857807291558,0,0.889142192708442
"MESO_093_T",0.227093657159895,0.335181369368393,0.437724973471711
"MESO_094_T1",0.135016571486729,0.848884952555831,0.0160984759574404
"MESO_095_T",0.39474576152835,0.360518769395235,0.244735469076415
"MESO_097_T",1,0,0
"MESO_098_T",0.832601214762883,0.167398785237118,0
"MESO_099_T",0.366494983772661,0.613354313419754,0.0201507028075853
"MESO_100_T",0.799974682801607,0.0902617872798918,0.109763529918502
"MESO_101_T",0.758899489356954,0.241100510643046,0
"MESO_102_T",0.464652797973823,0.175964759861598,0.359382442164579
"MESO_103_T",0.155543247291695,0.558755164560602,0.285701588147704
"MESO_104_T",0.73858229440039,0.168380288118637,0.0930374174809738
"MESO_105_T",0.834181528584936,0,0.165818471415064
"MESO_106_T",0.0433562626753551,0.956643737324645,0
"MESO_107_T",0.616322769910587,0.383677230089414,0
"MESO_108_T",0.756889502627731,0.243110497372269,0
"MESO_109_T",0.772673615079511,0.164583000239607,0.0627433846808815
"MESO_110_T",0.813856288615967,0.067157414201683,0.11898629718235
"MESO_111_T",0.436569340180854,0,0.563430659819147
"MESO_112_T",0.886871882799568,0.0342173017215702,0.0789108154788624
"MESO_113_T",0.575635763500613,0.399565732221734,0.0247985042776534
"MESO_114_T",0.526336128500335,0.422946986897417,0.0507168846022487
"MESO_115_T",0.249764491721321,0.188424633373528,0.561810874905151
"MESO_116_T",0.203845026552443,0.314055959065629,0.482099014381929
"MESO_117_T",0.492674380243143,0.339862379405091,0.167463240351766
"MESO_118_T",0.586384061631586,0,0.413615938368414
"MESO_119_T",0.195221027278465,0.260075431932196,0.544703540789339
"MESO_120_T",0.269879158022906,0.375383993278318,0.354736848698776
"MESO_121_T",0.324601414345859,0.154276385867447,0.521122199786694
"MESO_122_T",0.252201004329661,0.478051304238697,0.269747691431641
"MESO_123_T",0.349047849330771,0.0692960140677798,0.581656136601449
"MESO_124_T",0.267339965147999,0.41434583174927,0.318314203102731
"SRR18543964",0.5688010609377,0.00507334399075721,0.426125595071543
