sample_id,archetype_k4_LF3_label
LNEN002,Ca B
LNEN003,Ca A2
LNEN004,Ca A2
LNEN005,sc-enriched
LNEN006,Ca A2
LNEN007,Ca B
LNEN008,Ca B
LNEN009,Ca B
LNEN010,Ca B
LNEN011,Ca A2
LNEN012,sc-enriched
LNEN013,Ca A1
LNEN014,Ca B
LNEN015,Ca B
LNEN016,Ca A2
LNEN017,Ca B
LNEN018,Ca A2
LNEN019,Ca A1
LNEN020,Ca B
LNEN021,Ca A1
LNEN022,sc-enriched
LNEN023,Ca A2
LNEN024,Ca A2
LNEN025,Ca A2
LNEN026,Ca B
LNEN027,Ca A1
LNEN028,Ca A2
LNEN029,Ca B
LNEN030,Ca A2
LNEN031,Ca A2
LNEN032,Ca A2
LNEN033,Ca A2
LNEN034,Ca A1
LNEN035,Ca B
LNEN036,Ca B
LNEN037,sc-enriched
LNEN038,Ca A2
LNEN039,Ca A1
LNEN040,Ca A2
LNEN044_TU,Ca A1
LNEN047_TU,Ca A1
LNEN048_TU,Ca A1
LNEN050_TU,Ca A1
LNEN051_TU,Ca A2
LNEN052_TU,Ca B
LNEN053_TU,Ca B
LNEN054_TU,Ca A2
LNEN055_TU,Ca A2
LNEN056_TU,Ca A2
LNEN057_TU,Ca A1
LNEN058_TU,Ca B
LNEN060_TU,Ca A2
LNEN061_TU,Ca A2
LNEN063_TU,Ca A1
LNEN064_TU,Ca A2
LNEN066_TU,Ca B
LNEN067_TU,Ca B
LNEN068_TU,Ca A1
LNEN069_TU,Ca A1
LNEN071_TU,sc-enriched
LNEN072_TU,Ca B
LNEN073_TU,Ca B
LNEN074_TU,Ca A2
LNEN076_TU,Ca A1
LNEN077_TU,Ca A2
LNEN079_TU,Ca A2
LNEN081_TU,Ca A1
LNEN082_TU,Ca B
LNEN083_TU,Ca B
LNEN084_TU,sc-enriched
LNEN085_TU,Ca A1
LNEN086_TU,Ca A2
LNEN087_TU,Ca B
LNEN089_TU,Ca B
LNEN090_TU,Ca B
LNEN091_TU,Ca A1
LNEN092_TU2,Ca A1
LNEN093_TU2,Ca A1
LNEN094_TU5,Ca B
LNEN095_TU2,Ca B
LNEN096_TU3,Ca A2
LNEN097_TU5,Ca A1
LNEN098_TU1,Ca A2
LNEN099_TU2,Ca A1
LNEN100_TU1,Ca A1
LNEN101_TU1,Ca A2
LNEN102_TU1,Ca A2
LNEN103_TU2,Ca A1
LNEN104_TU3,Ca A1
LNEN105_TU1,Ca A1
LNEN106_TU1,Ca B
LNEN107_TU2,sc-enriched
LNEN108_TU1,Ca A1
LNEN109_TU,Ca A1
LNEN110_TU,Ca B
LNEN111_TU2,Ca B
LNEN112_TU1,Ca A2
LNEN113_TU2,Ca A1
LNEN114_TU2,Ca A2
LNEN115_TU1,Ca A2
LNEN116_TU1,Ca B
LNEN117_TU1,Ca A1
LNEN118_TU2,Ca A2
LNEN119_TU3,Ca B
LNEN121_TU,Ca A2
LNEN122_TU,Ca B
LNEN123_TU,Ca A1
LNEN125_TU,Ca B
LNEN126_TU,Ca B
LNEN127_TU,Ca A2
LNEN128_TU,Ca A2
LNEN129_TU,Ca A2
LNEN130_TU,Ca B
LNEN131_TU,Ca B
LNEN132_TU,Ca B
LNEN133_TU,Ca B
LNEN134_TU,Ca A1
LNEN135_TU,Ca A1
LNEN136_TU,Ca A1
LNEN137_TU,Ca A2
LNEN139_TU,Ca A1
LNEN140_TU,Ca A1
LNEN142_TU,Ca B
LNEN143_TU,Ca A1
LNEN145_TU,Ca A2
LNEN146_TU,Ca A1
LNEN147_TU,Ca A1
LNEN148_TU,Ca A1
LNEN151_TU3,Ca A2
LNEN152_TU,Ca A2
LNEN153_TU6,Ca B
LNEN154_TU3,Ca A2
LNEN155_TU7,Ca A2
LNEN156_TU,Ca A1
LNEN157_TU2,Ca A1
LNEN158_TU,Ca B
LNEN159_TU2,Ca B
LNEN161_TU,Ca A2
LNEN162_TU,Ca A1
LNEN163_TU,Ca A2
LNEN164_TU2,Ca B
LNEN165_TU2,Ca A2
LNEN166_TU2,Ca A2
LNEN167_TU2,Ca B
LNEN168_TU1,Ca A2
LNEN169_TU1,Ca A1
LNEN170_TU4,Ca B
LNEN171_TU1_R1,Ca A1
LNEN172_TU,Ca A2
LNEN173_TU,Ca A2
LNEN174_TU,Ca B
LNEN175_TU,Ca A1
LNEN176_TU,Ca A1
LNEN177_TU,Ca A2
LNEN178_TU,Ca A1
LNEN179_TU,Ca A1
LNEN180_TU,sc-enriched
LNEN181_TU,Ca A1
LNEN182_TU,Ca A1
LNEN183_TU,Ca B
LNEN184_TU,Ca A2
LNEN185_TU,Ca B
LNEN187_TU,Ca A2
LNEN188_TU,Ca B
LNEN190_TU,Ca A1
LNEN191_TU,Ca A2
LNEN192_TU,Ca A1
LNEN193_TU,Ca A1
LNEN194_TU,Ca B
LNEN195_TU,Ca A1
LNEN196_TU,Ca A1
LNEN197_TU,Ca A1
LNEN198_TU,Ca A1
LNEN199_TU,Ca A2
LNEN201_TU,Ca A1
LNEN202_TU,Ca A2
LNEN203_TU,Ca A2
LNEN204_TU,Ca A2
LNEN205_TU,Ca A1
LNEN206_TU,sc-enriched
LNEN207_TU,Ca A1
LNEN208_TU,Ca A1
LNEN209_TU,Ca B
LNEN210_TU,Ca A1
LNEN211_TU,Ca A2
LNEN212_TU,Ca A1
LNEN213_TU,Ca A2
LNEN214_TU,Ca B
LNEN215_TU,Ca A1
LNEN216_TU,Ca A1
LNEN217_TU,sc-enriched
LNEN218_TU,Ca B
LNEN219_TU,Ca A1
LNEN220_TU,Ca A1
LNEN221_TU,Ca A1
LNEN223_TU,Ca A1
LNEN224_TU,Ca A2
LNEN225_TU,Ca A1
LNEN226_TU,Ca A2
LNEN227_TU,Ca A2
LNEN228_TU,Ca A2
LNEN229_TU,Ca B
LNEN230_TU,Ca A2
LNEN231_TU,Ca A1
LNEN232_TU,Ca A1
LNEN233_TU,Ca A1
LNEN234_TU,Ca A1
LNEN235_TU,Ca A2
LNEN236_TU,Ca A1
LNEN237_TU,Ca B
LNEN238_TU,Ca A1
LNEN239_TU,Ca B
LNEN240_TU,Ca B
LNEN241_TU,Ca A2
LNEN243_TU,Ca A2
LNEN244_TU,Ca A2
LNEN245_TU,Ca A2
LNEN246_TU,Ca A2
LNEN247_TU,Ca A2
LNEN248_TU,Ca A2
LNEN249_TU,Ca A1
LNEN250_TU,Ca A2
LNEN251_TU1,Ca B
LNEN252_TU,Ca B
LNEN253_TU,Ca A2
LNEN255_TU,Ca A1
LNEN258_TU,Ca B
LNEN263_TU,Ca A2
LNEN268_TU,Ca A2
LNEN269_TU,Ca A1
LNEN270_TU,Ca A2
LNEN272_TU,Ca A1
LNEN273_TU,Ca A1
LNEN274_TU,Ca B
LNEN276_TU,Ca A1
LNEN277_TU,Ca B
LNEN278s1_TU1,sc-enriched
LNET10T,sc-enriched
LNET13T,Ca A1
LNET14T,Ca A1
LNET16T,sc-enriched
LNET19T,Ca A2
LNET2T,Ca B
LNET5T,Ca A1
LNET6T,Ca A1
Lu_Aty2,sc-enriched
S00016,Ca A1
S00076,Ca A1
S00089,Ca B
S00094,Ca A2
S00118,Ca B
S00128,Ca A1
S00515,Ca A2
S00516,Ca A2
S00520,Ca B
S00716_B,Ca B
S00858,Ca A2
S01060_B_TU,Ca A1
S01103,Ca A2
S01202,Ca B
S01493,Ca B
S01501,Ca A1
S01502,Ca A1
S01504_B_TU,Ca A1
S01510,Ca B
S01513,sc-enriched
S01515,Ca A1
S01519,Ca A1
S01520,Ca A1
S01521,Ca A2
S01522,Ca A1
S01526,Ca A2
S01528,Ca A1
S01529,Ca A2
S01531,Ca A2
S01532,Ca A2
S01536,Ca A1
S01537,Ca A2
S01538,Ca A2
S01539,Ca A2
S01540,Ca A1
S01541,Ca A2
S01543,Ca A1
S01545,Ca A1
S01546,Ca A2
S01567,Ca B
S01572,Ca A1
S01573,Ca A1
S01576,Ca A1
S01577,Ca A1
S01582,Ca A2
S01583,Ca A2
S01584,Ca A2
S01585,Ca A2
S01590,Ca A1
S01593,Ca A2
S01605_B_TU,Ca A2
S01666,Ca B
S01731,Ca A2
S01733,Ca A1
S01742,Ca A1
S01746,Ca A1
S02126,Ca A1
S02154,Ca A1
S02162,Ca A1
S02323,Ca B
S02325,Ca B
S02326,Ca A2
S02327,Ca A1
S02330,Ca A1
S02331,Ca A1
S02333,Ca A1
S02334,Ca A2
S02335,Ca A1
S02337,Ca A1
S02338,Ca A2
S02339,Ca A2
S02340,Ca A1
SRR10720229,sc-enriched
