sample_id,manuscript_id,Factor1,Factor2,Factor3,Factor4,Factor5,Factor6,Factor7,Factor8,Factor9,Factor10
LNEN002,LNEN002,2.93152682362172,-0.778836778144241,-2.82232095473231,-0.00500143816829597,0.654034704262002,0.472506151313444,-0.33817630071841,0.421272071366904,-0.232917066442547,-1.84041177305273
LNEN003,LNEN003,0.141281048128896,1.90887628934229,-0.55850535253178,0.350397465639536,0.381332385614461,0.391135631949764,-0.0520320866652576,0.591746922236107,-0.616457775907504,0.265009279295015
LNEN004,LNEN004,0.121415414811299,2.14883253715323,-0.492770105614052,0.273302723537974,0.423750977147909,-0.0555456165914883,-0.0968249748237516,0.699316888444812,-0.547368352513516,0.229272252587366
LNEN005,LNEN005,-0.0531877033596717,-0.663661521423795,0.872511034147513,0.665157860882094,-5.13934245751566,1.1684640404091,0.925062086547409,0.834059007298904,0.109365097431892,0.337073722510565
LNEN006,LNEN006,0.29001517746573,1.27047425499718,0.67028414667427,-0.559942564632344,0.224200108810661,-0.206416984044765,-0.0917580091917503,1.18738627242872,-0.47904009131684,-0.763896515443565
LNEN007,LNEN007,3.28805797886235,-0.700315151955857,1.89420131230836,0.793680643461656,0.689390473221642,0.286610226520151,-0.559638198831251,0.391775792891464,-0.205190769938727,0.544433297434076
LNEN008,LNEN008,3.22608372166154,-0.85152979804425,-2.99503183595764,0.325177483567352,0.921770552117166,-0.592704250297404,-0.605529670266642,-0.190409368324906,0.148801910473814,-2.10739908656494
LNEN009,LNEN009,1.90262832162416,-0.197278320153166,2.15131662329434,-0.198644347897748,-1.37744314549398,1.67845870061964,-1.85593655286267,0.537744520425549,-0.17196222799255,-2.04612836166687
LNEN010,LNEN010,3.78453381825248,-0.923875800783982,2.15014568213825,0.322602950276498,0.667373763032818,0.512043974868614,-1.46290951149638,0.372026770276537,-0.122064402183634,0.663649716295865
LNEN011,LNEN011,-0.206080710716075,2.32453625330271,-0.419894269354961,-0.167287491237205,0.563950908296549,0.368184531578931,-0.358760756780096,0.17406758509532,-0.0455905303884568,-0.150519708325564
LNEN012,LNEN012,0.565295894802178,-0.554065392121885,0.984653570777079,0.809857209058571,-4.0256577255758,1.94906307686075,-1.61238999339097,0.173093768484856,0.987020019876097,0.46032648626138
LNEN013,LNEN013,-1.78611917279548,-1.05649808195049,0.486309687362977,-0.178291966535001,0.498359488725149,2.13718750437107,0.708135137894996,0.731115796242876,0.0011654947929398,-1.49533527994321
LNEN014,LNEN014,3.58737272168547,-1.04564095898129,0.817295382263864,0.0698749976114919,0.901571806526435,-0.933464926889852,-0.21597557564973,-0.0148085983086048,0.0894502499178308,0.164981955581326
LNEN015,LNEN015,2.78472956060901,-0.939507058109552,1.66649051826575,0.125363882664003,0.226667788504859,0.350816088885067,-0.123044030545162,0.699401929166502,0.0987356165209646,0.525294583169534
LNEN016,LNEN016,0.0118686859515218,1.25201649688377,0.449580955895669,-0.180258159643012,-1.16113571276348,0.0212988672821741,1.08812498404181,0.815590665906549,-0.38741491123619,-0.529612274895927
LNEN017,LNEN017,2.78640926457723,-0.755783307518261,1.26773328858928,-0.459182917471019,-0.562742789389604,-0.470589396924151,-0.322666355610145,0.203660656210116,0.094004559640968,-0.901987105010611
LNEN018,LNEN018,0.438437256499652,1.19005387038337,-1.03018640447443,-0.358505072633985,0.0589885862431916,0.125722518622811,-0.402715745326538,0.602861375346114,-0.0384064216265124,0.25241858730014
LNEN019,LNEN019,-1.26311514376123,-1.06807984655247,1.4945040036192,0.282427141942036,-0.250646550527502,1.73814496830018,2.40203435383245,0.186081790309493,0.0109306745847197,-2.39748677332806
LNEN020,LNEN020,2.81879071883125,-0.62321495921907,2.64204336557118,0.0429742029548538,-0.42040038359734,0.621693344308683,-0.176737311593329,0.680274269659123,0.31706699771556,0.867966350048728
LNEN021,LNEN021,-1.55178240021206,-1.36423399963583,1.1817526575489,-0.937793797253025,-0.517269242184137,0.890386969106259,1.67932520566536,-0.202105541151376,0.146901995683163,-1.38834724337009
LNEN022,LNEN022,-0.065635793082178,-0.430614338977416,0.817010849369073,10.4242624186531,-3.53232481309145,1.12189279755785,-0.176774708743797,-0.736687081189189,0.50501859389266,-3.18256726416173
LNEN023,LNEN023,0.696710610594898,2.0245621186415,0.947627921422875,0.564874070060421,1.1708601186521,0.4474734525008,0.154956710956411,4.89428963836969,-0.460939782303992,-0.403595309189307
LNEN024,LNEN024,-0.577761377153667,1.06090809870326,-0.575501339471752,2.98201930678913,0.182493369655081,-2.59190180403979,-0.16210121288419,-4.08980873757947,0.694901731964032,-0.447149046878527
LNEN025,LNEN025,0.0820301883316833,2.10793159737632,-0.371758307179721,3.20228576053167,0.0692270747256494,0.0896581055700345,-0.3329018049743,0.136385142241998,0.580016262749675,-0.565197906716346
LNEN026,LNEN026,0.984060275529965,-1.05605298753602,-1.84100858907149,2.23442635718381,-0.203851730831228,3.85992699052999,0.434429818129055,0.164809397497427,-0.0333274118161389,2.48358794292291
LNEN027,LNEN027,-1.34110388261107,0.119770313068377,-0.94852805418393,2.37340363906705,-0.0725114199299235,-0.884107318280808,0.606084214855634,-1.47660166334751,2.15538118482844,1.68200524192184
LNEN028,LNEN028,0.0929550496683811,1.4980091919353,-0.250609012002235,0.246998358201422,-0.490049707155933,-0.441558771125547,0.755769295708265,-0.798826852177848,0.722230963624035,0.145188968117045
LNEN029,LNEN029,2.85557074080512,-0.747875062921162,-1.21547747654107,0.400542252246809,-0.103711543537307,0.213250356382394,-0.0370980085365641,1.51779894934715,0.334122531002207,-0.663107406448165
LNEN030,LNEN030,-0.094496261635605,1.55444749005571,-0.711302559056692,-0.565060979473721,-0.700248736479367,-0.247563422574801,0.0769117863702349,-0.574223714970178,-0.0723668666914275,0.210479654981867
LNEN031,LNEN031,0.00436707047947921,2.0871569637744,-0.407768337011584,-0.139373127738202,0.296034416773573,0.0874162017308996,0.0200748269969292,-0.80878426749356,-0.0355402248276074,0.291072357380036
LNEN032,LNEN032,0.0826040635811485,2.5103092229378,-1.06205480826748,2.37952060195051,0.547164111698847,0.742830425227799,-0.0332429045407077,-2.29110108774355,0.498259236910961,0.644581362920392
LNEN033,LNEN033,-0.30869066224757,2.01417739025778,0.608352378170544,1.00109599319376,-0.0269200275635746,-0.0296213358822262,0.135691611137264,1.75105119668345,-0.368711551280452,-0.759979985543615
LNEN034,LNEN034,-1.05624195894446,-1.190082885571,-0.529342294853699,3.17857742277321,-0.0878690424497907,1.91508831720374,-0.902628918225968,2.88249177721689,-0.779039322682108,1.71544185543181
LNEN035,LNEN035,2.27939112739523,-0.79499864689338,2.23090793794233,-0.417604938000305,-1.03163666090934,-0.334260855413809,0.199618429409958,0.301802691244047,-0.296085610153346,0.575312436389401
LNEN036,LNEN036,2.78166512524674,-1.02289761690654,-2.00202147819803,-1.18957086514294,0.41834538705203,-0.096071389223889,0.636388408503406,0.488234456362985,0.456385648288311,-0.614720559962485
LNEN037,LNEN037,-1.38184153682364,-0.561581156281263,-0.820203133509543,-0.49371115525221,-2.0918287531852,-1.38159293495967,0.56785156007766,0.726788336534365,-0.222217074065295,0.703451228586391
LNEN038,LNEN038,0.193144393193583,1.86160591949608,-0.569005107430876,-1.59852395580252,1.00814523459806,1.46495886119351,-2.10549540389397,8.522186816849,-0.933152208915125,-0.838955959156048
LNEN039,LNEN039,-2.21660510747284,-0.580967365598562,-0.392983850594139,1.21428108666968,-0.160457259187229,-1.16142200361036,-1.29168842681376,0.538305552476158,2.44783775436666,0.986958060557869
LNEN040,LNEN040,0.0467859681126481,2.1656993320555,0.377258437654163,1.69128078728557,0.076849102219139,-0.0372681145479382,0.889982106989216,0.627446716846101,0.0432418636966543,0.0625299301566103
LNEN044_TU,LNEN044,-1.71808848225083,-1.17249218738867,-0.200716663103379,-0.0367420843526938,-0.497921475005977,0.367140419584006,-0.412189286988874,-0.646654661239752,-0.0150223484484381,-0.30717353496427
LNEN047_TU,LNEN047,-1.90700869923506,-1.10226237208628,-0.764313062470032,-0.0377045741186001,0.904097214758002,0.267067627880993,-0.66452270255367,-0.0860562190394777,2.06212380444162,0.695742526252
LNEN048_TU,LNEN048,-1.72434220257645,-1.19147622551887,0.364596539219063,-0.195386670681825,0.672364048214511,0.559234019367803,0.605281731396698,-0.473130196326378,0.982858339409715,-0.649360932459404
LNEN050_TU,LNEN050,-0.882239038167206,-1.05564871396804,1.50984485775749,0.143922990260617,0.964013897241689,2.01333546605344,2.75906303766438,-0.935128605708674,-0.626075353692435,-0.0697128436793783
LNEN051_TU,LNEN051,0.429651114112549,2.40965342710773,0.566995715312709,0.439836751837831,0.613172312450199,0.963527609766827,-0.384890862097683,-0.830620992956298,0.594045455472957,0.106917777744604
LNEN052_TU,LNEN052,2.8724689453241,-0.751146553884845,-0.13196617411019,0.300686945721379,0.871392995025326,-0.468184846595079,0.871807213897638,0.932461375224934,-0.128543110422174,-0.849368741021541
LNEN053_TU,LNEN053,3.28963075318499,-0.847610941634503,0.150167278715193,0.310829331447531,1.01424693658854,0.113646530987893,-0.0973659044973885,-0.453078214982661,0.177798661421908,0.467953386568081
LNEN054_TU,LNEN054,0.539128092707915,1.3428106204851,0.433156342299242,-0.529798881930832,-0.542429398818167,0.294803444170177,-0.631029516147515,-0.244038476942128,0.218025104757466,-0.298253096690598
LNEN055_TU,LNEN055,0.501210295950706,1.85406606569074,0.47696776079607,0.130379795550951,-0.152560608588889,0.393041527768733,0.886762848453766,-0.813097040715421,-0.134109180059585,-0.0297283913321044
LNEN056_TU,LNEN056,-0.326531491814124,0.584695406940316,0.643159880349258,0.0771092379296293,-0.334684169092706,1.09443684301367,0.44061805901352,-0.654484639440914,0.956893094980344,-0.916868644774405
LNEN057_TU,LNEN057,-1.14199534338003,-1.06403078472275,0.528887451452389,-0.235516117092613,0.024167647733992,1.82495491453893,2.35868089424898,-0.262440299944278,1.22844514499852,-0.785131963014396
LNEN058_TU,LNEN058,2.87642841668125,-0.878371710494864,2.06644836994509,1.8039035680541,-0.280709424254522,-0.699984030296441,-0.0441000045199583,-0.379140551660867,0.204977591004531,-0.0466551706271609
LNEN060_TU,LNEN060,0.304696873508009,1.24671245570246,-0.478435291830696,-0.969411460629552,-0.484785541379555,0.147052224839387,1.29008214841993,0.204824858205117,-0.248041626439362,0.368132009318198
LNEN061_TU,LNEN061,0.0722802490764071,1.12067305266988,-0.0674058239055252,-1.18973694930291,-0.819968664532398,0.0244558434737151,0.727835329707739,-0.614514225278519,0.164531423475298,0.307249785278109
LNEN063_TU,LNEN063,-1.92269970793298,-1.31054037652062,0.695541790772611,-0.564160524147604,0.447343069985777,2.07479940708252,1.43950855399282,-0.394569402528764,0.478485919917114,-1.80760394533301
LNEN064_TU,LNEN064,0.395742570692138,1.64807244078559,1.56016767531591,-0.197717693018585,0.192656688759641,0.641720839091697,0.576019508477951,0.0254850408655151,-0.31046509471374,-1.05478742656164
LNEN066_TU,LNEN066,3.43692165708191,-1.21243183846795,0.959223337759225,-0.0926690749080911,0.482641907041613,-1.13593807525054,-0.681145499000263,-1.16892441323595,0.191318539829646,-0.175838878727965
LNEN067_TU,LNEN067,3.24711031940605,-0.959521237293138,1.79149607030639,-0.0816952853232329,0.848776130807082,-0.286583919422049,-0.373816053718281,-0.120776380778406,0.32675852416948,0.521246243178963
LNEN068_TU,LNEN068,-1.79398821662187,-1.08551225867128,0.0176742186744392,-0.603982821909476,-0.440939922432056,-0.587372066542045,-0.125940630166561,-0.528187463888941,-0.462293488992111,0.0407188127296134
LNEN069_TU,LNEN069,0.0294688927569857,-0.916626573002064,-1.61468854770016,-0.0540734353798909,0.103971633649945,1.54407548421469,1.70174733244784,-0.422900633350113,-1.0481821164653,2.43064251499457
LNEN071_TU,LNEN071,-0.0364111905902671,-0.420427267656806,0.690292688347389,-0.578899633780238,-3.35667403815963,-0.741581901680211,-0.6773242094734,-0.158168426003952,-0.42953153833994,-3.83548408068774
LNEN072_TU,LNEN072,1.80940986847862,-0.671578204439756,-0.729330972717712,-1.14039165479823,-1.74681352026123,-0.900254070856291,0.366308350701504,0.561509162825931,0.0418002400858755,0.0549642976495125
LNEN073_TU,LNEN073,3.25440572831539,-1.07861624486449,1.57477863517788,0.164862455623916,1.08799729029311,-0.79910902598381,0.588228311260228,-0.691534107752186,0.155647734553705,0.242180188279028
LNEN074_TU,LNEN074,-0.11106594268678,1.62601071113732,-0.257683720029874,-0.268502948878152,-0.686187612494802,-0.87029935227061,0.430799485109051,-0.671128093271129,0.155080536424212,0.119318383791406
LNEN076_TU,LNEN076,-1.6515612555032,-1.28242803292332,1.4682774865193,-0.176526587121532,-0.338004395484072,-0.258974951866068,2.50181034834414,-0.561258152910041,-0.345968111572799,-1.61675521572759
LNEN077_TU,LNEN077,-0.0425543559144823,0.63604308076919,1.33576711774299,0.634208683813902,0.411250619919707,0.48128416316422,1.62301558559046,-0.499177356169764,0.257367339605792,-2.04984225411599
LNEN079_TU,LNEN079,0.239577745825651,1.92177397004681,0.767257291973724,2.86709896088195,-0.796720857671308,-0.0433962214557281,1.80948458437374,-0.278227099905243,-0.138236530626384,-0.831682256638943
LNEN081_TU,LNEN081,-2.21835502301802,-1.11979516828429,-0.516404577266768,0.0353461286821284,0.925307957784055,0.198462890478371,-0.745355193046763,-0.826456769972705,1.10280754055081,0.179481531945563
LNEN082_TU,LNEN082,2.49144026183591,-0.891079834601341,1.87408702620869,-0.611145847122219,-0.0358437580266823,-0.952599793048123,-0.175914884508345,-0.28537609527388,0.307207827668225,0.666903508740511
LNEN083_TU,LNEN083,3.41452302646415,-0.823554670177798,1.70201159442872,-0.346832037196206,0.0763133471778482,-0.897325211028406,-0.877881396280175,0.183443577758406,0.0294229128429737,0.667637094904413
LNEN084_TU,LNEN084,1.57209530237139,-0.643525876891083,1.16209199379168,-1.36382883248419,-2.17730608871758,-0.965489880724006,0.511127262468284,0.443137107886866,0.0414324221355129,0.606555991511328
LNEN085_TU,LNEN085,-1.21889566448042,-1.28799498038163,-0.423569376907079,0.497621796671317,0.397731589631181,1.14528801414143,-0.914308213723122,0.776184540801554,-1.7620786186268,1.3273283990846
LNEN086_TU,LNEN086,-0.0315978729981117,2.14388795922083,-0.246581330277653,0.802516697993188,0.633788163795633,0.752592781998248,-1.59111422963055,0.346719092295266,0.011969387853176,0.338782743961325
LNEN087_TU,LNEN087,3.10359186630802,-1.01590559204264,-0.709334623118313,0.5264080964665,0.475632404569484,-0.0321426575914274,0.210660738189714,-0.282049007532242,0.0136276759155448,-0.290041812506758
LNEN089_TU,LNEN089,1.01458131257078,-1.23877153166947,-2.55771264926488,0.761026292927502,0.20634327398171,2.34668605413884,1.61578849032094,-0.179224405156707,-0.55081851904356,2.31574040310799
LNEN090_TU,LNEN090,3.27892549444282,-0.958586974250411,2.90570584240234,0.4006356163879,0.819429680709574,-0.511566963837763,-0.849915913986881,-0.0575864461921487,-0.0351549219376443,0.0148940861009399
LNEN091_TU,LNEN091,-1.83734847962358,-1.17351437091679,0.00984297569565822,-0.783617728640962,-1.10731228534706,-0.900671669359697,0.209917014709487,0.956949121500205,-1.40291200598273,-0.342533173891202
LNEN092_TU2,LNEN092,-2.45101256183426,-1.39710819012231,1.54053845255239,0.191649115099071,1.05327132332791,1.62931129098454,-0.456641742056614,-0.978057484482699,1.0527060144093,-1.81815436442363
LNEN093_TU2,LNEN093,-1.7506409831602,-1.02723458842836,0.857060544570384,-0.412559193390496,0.0690879955117069,0.605366179709857,1.1280683788668,-0.653650403000092,0.758479859669754,-1.06169835987556
LNEN094_TU5,LNEN094,3.14980803958275,-0.895995110424223,2.71834437119942,0.189785039364241,-0.0265243593016775,0.521749204534762,-1.13468966245848,-0.596774180257416,-0.0769598664342903,0.907320828309565
LNEN095_TU2,LNEN095,3.4881347946227,-0.986774809160998,2.16941082257455,0.126073001427248,1.02972268225171,0.62170408032807,-0.959837515908971,-0.710924530256332,0.044632849688192,0.824082819640981
LNEN096_TU3,LNEN096,0.231641683509283,2.18021680367594,-0.284570079864699,0.455698789448142,0.733619951577877,1.18181012761531,-1.73773011921738,-0.803778554611396,0.0775206117740211,0.33921085686588
LNEN097_TU5,LNEN097,-2.26814203404394,-0.75874916360493,-0.421184385747934,0.736110806022699,1.10866646456643,-0.296790422913686,-0.712484713176124,-1.03571567040654,2.83722703256839,0.839590515778183
LNEN098_TU1,LNEN098,-0.0275420737219978,2.33875811771433,-0.449488118232925,0.717673557133731,0.797888175043535,-0.388330586938889,0.0404391672612668,-1.43986118166356,0.126083711747447,-0.0824897979084267
LNEN099_TU2,LNEN099,-1.30800331510131,-1.48745864369789,1.23358203917234,0.329047410228887,-0.388315453675797,1.73783861313935,1.59610532814816,-0.468161429093468,0.287372833563246,-1.32656060327893
LNEN100_TU1,LNEN100,-2.5367573560837,-1.23944505045581,0.215175666438107,-0.195810642020864,0.083710340392153,-0.582883013090437,-0.674175905336104,-0.741610332574931,-1.57030561058112,-0.2949343504611
LNEN101_TU1,LNEN101,-0.585057635124029,2.05489910682703,-0.60778390792443,6.97231344905776,-0.41585848880997,-1.32227143108852,-0.47574551155913,1.10868322464628,2.12642872934795,-0.424695152647201
LNEN102_TU1,LNEN102,0.0556616135363933,1.57468861116121,0.591152933710448,0.149748443921035,-0.00232247517190488,-0.450205262648081,1.38860891576716,-0.349425699915088,0.0890332007745581,0.353678001982257
LNEN103_TU2,LNEN103,-2.13438660044761,-1.11091535321064,0.303357760595652,-0.376862167251682,0.295308203229519,-0.276499304404738,-0.0218199402223407,-0.61872174772749,-0.064191136909582,-0.481760281851407
LNEN104_TU3,LNEN104,-1.92701234785411,-1.06417215048168,-0.558517681886429,0.235528648769714,-0.687228296530027,-1.53435023701801,-0.631714624854951,0.251246242177556,-2.06137995693774,0.177740718463213
LNEN105_TU1,LNEN105,-1.75593961025653,-0.960435225732265,0.0397578739535809,-0.453441405877636,-0.455610718078347,-0.57728876286051,0.702723984270108,0.888707067575451,0.290530226230473,0.0117243496000238
LNEN106_TU1,LNEN106,3.61056450338848,-0.942671620475543,1.72525753847988,0.381279906788803,0.872908212414837,-1.07112286705913,-0.374640105828681,-0.407167292694952,-0.0155045185672839,0.365613169294332
LNEN107_TU2,LNEN107,-0.434363862272589,-0.850427650120737,0.354614253393755,-1.39542692927441,-2.01210744043753,-0.0856541253142409,1.45905780041047,0.344181124926703,-0.184985765195877,0.221231059454479
LNEN108_TU1,LNEN108,-1.98854915330195,-1.08993162327007,-0.362120329751336,0.451876984453435,-0.0906127755361722,-1.83124002765991,-1.02265447468176,0.158369844794545,-2.43262922704475,0.327836547216703
LNEN109_TU,LNEN109,-1.90327773014908,-0.869173970156435,-0.0625341609956348,0.525359805416291,0.270916932965951,-1.39741808062174,-0.0170467967937837,0.475442092150122,1.86104359257526,0.762067559633757
LNEN110_TU,LNEN110,1.05032508405149,-1.11617426606531,-2.23698663887094,0.688506518533802,-0.381246608693083,1.15041745003119,2.03038382395289,-0.325054464924065,-0.257415724949285,2.79333694977432
LNEN111_TU2,LNEN111,2.09054055297667,-0.86406643065582,-1.32982771195981,-0.674529018241823,-0.953441170622427,-0.860038589938147,1.28833064564228,0.774243741724635,0.196849976701379,-0.115164699601351
LNEN112_TU1,LNEN112,-0.162448414324767,1.82859479860064,-0.421366399162044,0.101891726472861,0.290082953681876,-0.177508538730093,-0.576234258268506,-0.369964017076678,0.249166375530992,0.0503596554947808
LNEN113_TU2,LNEN113,-1.1500050100408,0.178475184582352,0.217013565777664,-0.047747531557513,-0.21051448117557,0.426142810963917,-0.564781972399182,-1.08423537032701,0.0810753881204015,-3.0444048385968
LNEN114_TU2,LNEN114,-0.232345134631887,1.63078652974308,-0.541868399877652,-0.708279037722866,-0.569690364989233,-0.471750070989215,0.50043908040638,-0.590995388888097,-0.397207696142446,0.167953098594669
LNEN115_TU1,LNEN115,0.102162610773293,2.1636801139375,0.26041654555437,-0.277179050242582,0.108453796510176,0.156032647985627,0.648877341616303,-0.266775332541198,0.0953616112086172,0.307056205335642
LNEN116_TU1,LNEN116,3.31971446458525,-0.872730921588657,3.16468585570282,0.237452331315989,0.046736169495326,0.253869259580864,-0.634938031345519,-0.715668899764692,0.31748572206356,1.09855862422633
LNEN117_TU1,LNEN117,-1.68060057787592,-0.343384564834198,-0.332867213728533,0.365223047494816,0.537665343976913,-1.35215928584667,0.935800764203584,0.296033087687752,2.8678817463823,1.24958389285509
LNEN118_TU2,LNEN118,0.0338774368773858,1.79511554620464,-0.394441256042218,0.504167625945636,0.422123299185374,-0.855458427492671,0.153767388533768,-0.341665662302472,-0.11377647465967,-0.00324067031532104
LNEN119_TU3,LNEN119,2.50390731828225,-0.603215600336785,-1.9586372094283,0.25667426588606,1.1828498852861,-0.296265693224199,0.229151451788654,-0.642547073587893,-0.464195049606189,-1.74259800426425
LNEN121_TU,LNEN121,0.119772070843514,2.00447141781261,-0.128114781690283,-0.071917897841486,-0.187140097678893,0.283221507205341,-0.226416017160383,-0.420455278733419,0.00124252514033798,0.0658541780688385
LNEN122_TU,LNEN122,2.05131214251865,-0.335769708379374,-1.69251233975409,0.44784946570225,-0.210617855375937,-0.878755152766749,1.27109180785687,0.32766330712096,-0.0966569266044503,-0.0493795028800353
LNEN123_TU,LNEN123,-1.65425522481124,-0.568542153691966,-0.166307978592986,0.316548848529789,-0.522868060148193,-2.44809229185231,0.33102093427795,0.701432664410706,2.19986088169951,0.366535979237849
LNEN125_TU,LNEN125,2.7575331272426,-0.605766876819633,-1.08939416796073,0.841874182392633,0.563554199827058,-1.179593780572,0.497738127764594,-0.490111160162866,-0.0416945535145069,-0.979874560168013
LNEN126_TU,LNEN126,3.09350548967332,-1.03813964279451,-2.22039896513719,0.347134155197275,1.6169133678123,0.220015195229415,-0.0619373513167297,-0.13420567030931,0.20712218258287,-0.970094183035423
LNEN127_TU,LNEN127,-0.0520943299788547,2.51163749939027,0.58461953468562,-0.0525146447949852,1.17953101173369,0.756544484193115,0.387943682485706,-0.121401191752107,0.160677582855274,-0.0560796790833518
LNEN128_TU,LNEN128,-0.0835879775395663,1.93040076274652,-0.208298021825391,-0.635807849035636,0.264539061178056,0.00752554088120551,-0.114979479899565,-0.571093620395538,0.0437665185809463,0.0801938843440834
LNEN129_TU,LNEN129,-0.246154994986124,2.00481824839642,-0.151936498189309,0.969188658363386,-0.0407491641314371,-0.834747009086941,0.390851468469523,-0.562639298953443,0.757688591893018,-0.72190846772273
LNEN130_TU,LNEN130,2.97026663971676,-0.983892627780292,-2.31930533402327,0.144288266006089,1.27718406249102,0.331114224066014,-0.595166024074293,-0.317204323070578,0.0157149595314319,-1.31469609569761
LNEN131_TU,LNEN131,2.5106077293544,-0.836516194412515,-1.81054059049867,-1.01246381701905,0.314762970789178,0.00917797707107287,0.426003891572686,-0.000727226024063093,0.296589041676639,-0.338616880581049
LNEN132_TU,LNEN132,2.58709398247296,-0.679410139213232,-1.15780074187182,0.320817972009127,0.251078152316256,-0.648721933695485,1.10951602652434,1.62147022546931,0.0998525588010396,-0.523808916300336
LNEN133_TU,LNEN133,3.16838874369742,-0.862422812935051,1.80487830370746,0.237278156545933,-0.0395762706729535,-1.1781247182082,-0.0999029810687618,0.662151989978123,0.408439164903959,0.553594126062115
LNEN134_TU,LNEN134,-0.688368647306372,-0.847890057554261,-0.738332182863615,0.510391160660138,-0.998991763357319,1.12416736272773,0.196059338569951,-2.40803024159504,-0.68629088101155,0.404368864089311
LNEN135_TU,LNEN135,-2.07244262955183,-1.0958308562686,0.424786344990395,0.41909727300614,0.491473819615716,-1.17108783166763,0.733583021718567,0.752589341265525,-2.64507223542743,0.662103940145128
LNEN136_TU,LNEN136,-2.43275882432965,-0.879806861956456,0.81464788532002,0.27672639487209,1.15884158762531,-1.27128772323849,1.1372981317781,1.04604136882427,2.3098096099831,-0.396225822363455
LNEN137_TU,LNEN137,-0.0292244632577662,1.75078439055003,-0.0836186392762961,0.376008811394706,0.0521339614087882,-1.08367156444691,1.02675005980782,0.264816329226277,-0.739990982938963,0.590973962313583
LNEN139_TU,LNEN139,-1.89422890853307,-1.17833793118042,-0.39541805501592,0.353841305549734,0.536160760343925,-0.694505015691327,-0.862969221771826,0.872374604512887,-1.40400625220442,0.672350091853785
LNEN140_TU,LNEN140,-2.28482909857005,-1.22053553791101,0.386804803961606,0.574455446259909,0.408219039367486,-0.991204304911825,-1.16633802217146,0.565100831832349,-1.08543915982927,0.155648845182947
LNEN142_TU,LNEN142,3.1019913755082,-0.959235956078376,0.939714668868569,0.887097277479992,0.656579612478785,-2.44133854664162,1.19109416916859,0.568235374687128,0.114280257216377,-0.376728478851695
LNEN143_TU,LNEN143,-2.11325460946622,-0.98009081888414,0.512249817908069,0.544776547160068,0.912151160613618,-0.248312513030968,0.0609413465885194,0.0642860724960078,1.19390847333028,0.240017965307296
LNEN145_TU,LNEN145,0.170201604873186,1.94862089936818,0.712120271301987,0.120823649940319,0.420185950579551,-0.250163413999052,0.78076462824055,0.289205373279361,-0.329051845970854,0.390870805945583
LNEN146_TU,LNEN146,-1.74510006414911,-1.1220203927213,-0.160373070292474,0.416095056819066,-0.0451065124235511,-1.45839142095344,-0.48561083716201,0.944265526398036,-2.20899882703735,0.398039112570654
LNEN147_TU,LNEN147,-1.98997941996896,-1.32182570400233,-0.337669333013011,0.995571064650581,0.266953148627562,-1.19867613001329,-1.0177764980134,0.0450957667510026,-1.88509651604247,0.329687632348007
LNEN148_TU,LNEN148,-2.07853553062495,-1.11271813653376,-0.409049857206756,0.421244609686374,0.864231293719151,-0.623201887904252,-0.555842086428647,0.477822003859113,-1.61868720364746,0.736332755551896
LNEN151_TU3,LNEN151,0.187029123234848,1.59954980829362,-0.311717831522896,-0.645252381385086,-0.526471811877169,-0.429875574900751,0.842794300022259,-0.242081652393183,-0.177734816221699,-0.158795790107707
LNEN152_TU,LNEN152,0.0227059375684871,1.3944448354569,-0.511942790841523,-0.614824141354836,-0.830219533061735,-0.712118966847285,0.495436624986557,-0.648046376491577,-0.178748993934377,0.623292717099498
LNEN153_TU6,LNEN153,2.61685406095085,-0.769041856711044,1.37348082323769,-0.60176821274441,0.226708157562345,-0.548941379432528,0.191227382100632,-0.509066484791941,-0.108592763876263,0.29885488431691
LNEN154_TU3,LNEN154,-0.0969226684988507,1.62123457671391,0.160381325178803,-0.361739800956224,-0.450316348401607,-0.788466760692148,0.720945441640009,-0.501554681786426,-0.02454326658654,0.194040553073784
LNEN155_TU7,LNEN155,0.0596947572636486,2.15226741873831,-0.0422836424403654,0.197731575628707,0.336123213465457,-0.225712416313175,0.200986577103611,-1.03624979008766,0.133275471232921,0.0304534302070671
LNEN156_TU,LNEN156,-1.61566994904033,-0.773098527095992,-0.172454733562426,-0.544483398698236,-0.726099831658308,-1.21363685637522,-0.394722664309068,-0.451637049501284,1.35518733426505,0.952353384870374
LNEN157_TU2,LNEN157,-2.17420306316525,-0.536689788628775,-0.305251277115061,-0.00201456123298773,0.40623328698067,-0.623215368034061,0.326498344509739,-0.764032736425926,1.52407035510564,0.687661608572288
LNEN158_TU,LNEN158,2.98573566240089,-1.06835087551446,-1.7902264370959,-0.211037911454887,0.972580181380335,-0.189223238401149,0.0826793449043907,-0.12835960703762,0.248598169588542,-0.924609540838954
LNEN159_TU2,LNEN159,3.13140062193971,-1.16639391191104,-2.17903574598237,0.243417141548709,1.06715974008773,-0.857775540673161,0.0851291228173866,-0.410774949480231,0.31888779012172,-0.67434114362617
LNEN161_TU,LNEN161,-0.112975389437216,1.54545331649902,-0.391165255386471,-0.176930447419689,0.288620011926838,-0.169098486670401,-0.313269617624835,-0.790436005078355,0.0962854816963928,0.227520154386873
LNEN162_TU,LNEN162,-1.82294195076463,-0.780528116236909,0.0977650381472117,-0.386376304939993,-0.0518547471613283,-1.04273148314888,-0.549158173500674,-0.53815377914731,1.85838455744193,0.722416690574544
LNEN163_TU,LNEN163,-0.0701149024929531,1.48444260421714,-0.229168101516513,-0.713012398553985,-0.342316550684006,-0.95497137346124,0.863964268935139,-0.553351697083356,0.175951847247233,0.0433856233825944
LNEN164_TU2,LNEN164,2.9918991827773,-1.11936986047448,-1.54298369791737,0.351842580981483,0.835469765935722,-1.10793607208027,0.61497921236463,-1.08106086831941,0.151900406709606,-1.16015483671944
LNEN165_TU2,LNEN165,-0.180032236556142,2.01111048222804,-0.192803786005905,0.292044928008413,0.461676562877335,-0.271243358412906,0.120447150616257,-1.25093897449315,0.0807660260598991,0.0679181263063194
LNEN166_TU2,LNEN166,-0.236887503968863,1.80515658223172,-0.220479855423959,-0.213079488977763,-0.249489258645288,-0.738888899710021,0.690792851935384,-1.06901794782743,-0.134917264283894,0.0437708390502721
LNEN167_TU2,LNEN167,2.15244716187415,-0.914428241967793,1.12779704402849,-1.0842222312211,-0.899135425961879,0.230216997486472,0.378348357325593,0.0428151784251464,-0.04077608341497,0.698433606698472
LNEN168_TU1,LNEN168,0.197434601746922,2.12162387825769,-0.0676426471878149,0.496716609263408,0.435565976777822,0.220445812913608,0.182669395670892,-0.930152641676053,-0.180427549642108,0.529518257390521
LNEN169_TU1,LNEN169,-3.02379240508384,-1.41131454085607,0.92239969124288,0.37188100517144,1.07731032168663,0.175117334051696,-0.267808526376298,0.543665299404133,0.766948028858532,-1.4333747947399
LNEN170_TU4,LNEN170,0.886370224878555,-0.937328782406009,-1.97056039727803,0.634352844054288,0.236783093166465,2.70654744669962,-0.222289552778456,-0.185041930575426,-0.0618751637697539,2.48675041090428
LNEN171_TU1_R1,LNEN171,-2.23118649954639,-0.988430839411149,1.27977332900409,0.0502683544786112,1.69915592950045,0.520637997473149,0.962610888986001,-0.722346135473428,1.30294280188484,-0.544289515063952
LNEN172_TU,LNEN172,0.30055304839751,1.81079536183608,-0.614544871559638,0.698685646883782,0.683351140939156,2.14718155972756,-1.28359610014856,-1.4675105577761,0.14218339229922,0.129714216231928
LNEN173_TU,LNEN173,0.0754882769087094,2.55980180715,-0.30707963924155,0.916283610896913,0.822652943200856,-0.138373937776669,-0.804238049023129,0.583631599344182,-0.372887437534064,-0.341865595767859
LNEN174_TU,LNEN174,3.102773104755,-0.882663724730421,-1.92723265599762,2.14535641946245,0.755183570882139,-1.72677905054387,1.60120149524792,1.37728399009371,0.010203598019398,-1.51451224623336
LNEN175_TU,LNEN175,-1.41352450820932,-0.485878186567443,-0.118436937506614,-0.18853752685525,0.0195645680809379,-0.773477630184717,0.105748629595305,-0.595329948990117,2.07198816966072,1.22192258126151
LNEN176_TU,LNEN176,-1.65119539789234,-0.922862385843443,-0.360434169621136,-0.260946996952568,-0.331449242318225,-1.39062418434585,-1.03231484950508,-0.155956641236544,1.63162627109924,0.901629296446309
LNEN177_TU,LNEN177,0.464618899803055,1.8668596546583,-0.244428001348009,0.447142391076089,0.579138177354527,1.32761849663651,-2.54186395893464,-0.792183968238282,0.514065891526492,-0.242332088654243
LNEN178_TU,LNEN178,-2.45113998933786,-1.08050751013285,-0.770880866797334,0.263063989563749,0.147703568698336,-0.988801630087935,-0.857736913341661,0.668534861460363,-2.43661214792084,0.334186410146128
LNEN179_TU,LNEN179,-1.43095086044921,-1.20815001056178,0.174295868368415,-0.696739697866027,-1.24225038702444,-0.670043464155809,0.0273675049014242,-0.268559977019772,-1.19037093930475,-0.394310277998557
LNEN180_TU,LNEN180,0.245340623053482,-0.560614143198441,-0.419751822993355,0.00452379946797374,-4.47823272955815,0.714136903280631,0.398074306367191,0.242230266561542,0.532820398023983,0.556315956855413
LNEN181_TU,LNEN181,-2.1098448497004,-0.982189819811715,0.386230018587437,-0.0446937812375962,1.27113810245593,-0.184072217886182,0.590817744752242,-0.589082346156241,1.20896258935827,0.0709147794571608
LNEN182_TU,LNEN182,-1.48698700452604,-1.07645798694381,-0.53026377157537,0.0692990839520461,-0.446910024164781,-0.957526517610848,-0.23749791775745,-0.62679345350815,-2.44040330236874,0.488663273141603
LNEN183_TU,LNEN183,3.35795464610528,-0.971740840288471,-1.57156769737753,-0.0219969598301433,0.960440092011494,-1.03720747641518,0.690575741036456,-0.481072096143808,-0.0981652802292897,-1.23120218324167
LNEN184_TU,LNEN184,0.000845396776936272,1.73642772795295,-0.427609012511609,-0.203687847739374,-0.571175010991077,-0.40278466888553,0.943483597340381,-0.24321976478372,-0.203308363637736,0.438550766012701
LNEN185_TU,LNEN185,2.30232560763795,-0.913154382495789,1.62789875905082,-1.23076861192891,-1.19634349708315,-0.77159111027885,0.361723389928179,0.00491223979014441,-0.140736797110952,0.687127756468884
LNEN187_TU,LNEN187,0.0902729935374958,2.00888894201216,-0.662301332413777,-0.501553313835243,-0.635468281345789,-0.00454886321928526,0.34144530814862,0.0612698837498512,-0.108180130244937,0.243349368890377
LNEN188_TU,LNEN188,1.60315375763179,-0.317163508569006,-0.267988685553446,4.8610159237056,-0.719791471785854,-3.62295483658714,2.89686111872559,2.14170271358579,-0.263037785603673,-2.34853487386873
LNEN190_TU,LNEN190,-2.11701218894835,-1.23478513946198,0.247732219205869,0.573788272218345,0.334830559170633,-0.859061817150321,-0.232550411875804,0.594368550431818,-1.71895931307694,0.239985596382695
LNEN191_TU,LNEN191,-0.0916313468005079,1.8484421226946,-0.113972311367775,-0.0561466506386973,0.33217688538087,0.225070291679433,0.0151461899989693,-0.542306189968776,-0.267589094024533,-0.131571803839628
LNEN192_TU,LNEN192,-1.98250344658294,-1.06069588820585,-0.32940496433094,-0.18951989367029,0.442441280198052,-0.624136100079697,-0.680942425935012,-0.661184986723317,-2.03151718857477,0.544591886595682
LNEN193_TU,LNEN193,-1.87577060570388,-0.950276043936577,-0.360334988084696,-0.147067553064766,0.153706095226775,-0.248890936334864,1.1633900495054,-0.487603174629057,0.237286336967429,0.141401894808795
LNEN194_TU,LNEN194,2.67517618406048,-0.926338661274209,0.245924800598368,-0.794530784177715,0.175687385268526,-0.686957164303583,0.850631568651976,-0.221055409266122,-0.207861788574081,-0.209480287609768
LNEN195_TU,LNEN195,-2.00587739023369,-1.20637988591278,0.19983202491504,-0.203084945196379,-0.787937845620421,-0.895317527340353,-0.531685032206568,-0.329152003706523,-2.25997871406063,-0.335991672422381
LNEN196_TU,LNEN196,-2.12417605868857,-1.21218825988329,0.0261077989326421,-0.346748748160351,0.294765352026605,-0.70273450092627,-0.547038687494973,-0.538332804748057,-1.38687449141979,-0.0531364407147138
LNEN197_TU,LNEN197,-2.10476802564098,-1.22042117689684,-0.557878030122009,-0.0814265227640544,0.0828237475947553,-0.921504722279233,-1.02343076314173,-0.621678077058206,-2.14008884093284,0.423734681289151
LNEN198_TU,LNEN198,-1.19428574871296,-1.08697987525195,-0.208565555345437,-0.343910998359159,0.570607594780157,1.22348748158519,-0.0390764950327163,-0.439490247940393,-1.77864878534549,0.958312916701707
LNEN199_TU,LNEN199,-0.184493486438162,2.10644930133926,-0.653038795196912,-0.249969067830589,0.161471041287187,-0.303451094907126,-0.443370610809532,-0.756698259996911,-0.0166275461444843,-0.140085989289524
LNEN201_TU,LNEN201,0.0783225591859586,-1.1459579538244,-1.4293500135326,-0.510673080410557,0.172453852702147,1.11787609700004,0.0679642608409093,-0.275552463421918,-0.82204421066711,1.67256160082309
LNEN202_TU,LNEN202,0.00884691931416189,1.8380440206268,-0.366393638178653,-0.0503544306048671,-0.0632995859158823,0.270599844512267,-0.184576006151569,-0.401941277255933,-0.309137998116122,0.340943761797218
LNEN203_TU,LNEN203,0.22086056421163,1.196807608033,-0.0881669050814951,-0.651915414192918,-0.177176746400751,0.314519443659495,-1.05205352171865,-0.0828848171097028,-0.0890142084343654,0.163825428120585
LNEN204_TU,LNEN204,0.118821710194623,1.70045994702329,-0.698462104938679,0.0866341731576043,0.210449554848837,0.724666385589175,-1.40705793892311,-1.38728831222107,0.239246373441371,0.276919420911956
LNEN205_TU,LNEN205,-1.73630510261829,-1.04543161924273,-0.484371615829089,-0.46447018070009,-0.542839422319704,-0.48669946262633,-0.452825463084527,-0.930945077683732,0.482139911458939,0.0625664412004555
LNEN206_TU,LNEN206,0.201900134878831,-0.568964624190935,-0.313691281961679,-0.162540193052669,-4.88693669003063,0.648905817465848,-0.0248443945486911,0.282235691843824,0.0983578489072267,0.185059771099239
LNEN207_TU,LNEN207,-1.7925224166522,-0.769764010103623,1.12980927282678,-0.289585640833114,1.0665542086105,-0.203789458556397,1.09039274823875,-0.41313037405474,1.83880646256593,-0.00540369457362906
LNEN208_TU,LNEN208,-2.0781420969611,-1.0982553171013,0.101962925309039,-0.394910107729028,0.668181325696096,0.102265908214007,0.0616066789451499,-0.544388145239131,0.432503177479711,-0.33333114592248
LNEN209_TU,LNEN209,2.9381958114167,-1.00123143529091,-0.343084631475287,-0.515947922642775,0.122752054504972,-0.477066489411041,-0.111046876907963,-0.249439213589392,0.0195898642885353,0.0093502852478952
LNEN210_TU,LNEN210,-1.4028518637008,-1.53609428339643,1.05343818743123,0.477758753085062,1.27986310265977,2.78765991809044,0.640290933591748,-0.941211925211868,-2.06052553759929,-0.760591526670632
LNEN211_TU,LNEN211,-0.109567558120072,1.59877135621611,-0.759708482790517,-0.494261658587308,-0.479678067774357,-0.66854545147461,-0.665193632936901,-0.715000331812143,0.0519257682073258,0.0876562979804246
LNEN212_TU,LNEN212,-1.21910000473552,-1.00536848140312,-0.253445571102064,-0.999399248442401,-0.763520812928151,-0.374299865733621,-0.0708177946092604,-0.343657905207595,0.0562494244324546,0.195843677770319
LNEN213_TU,LNEN213,-0.165225037164608,1.81358824661297,-0.450960935078503,-0.310999855263325,-0.656828930186716,0.197404111129415,-0.556473508672378,-0.309444179492764,-0.0583893112660532,-0.22177017039876
LNEN214_TU,LNEN214,0.685552526663266,-1.15900983206381,-0.39100954967667,-0.719425061301031,-1.07482465182845,0.763657978050617,1.11012872746298,-0.625108984018302,-0.0867200181726427,1.21099863727935
LNEN215_TU,LNEN215,-1.99318685547053,-1.45184756048499,1.39299269925142,0.384960054333055,2.07935277842857,2.16163590333846,0.848093602820479,-1.02444875831882,1.24454343732848,-1.35600527031932
LNEN216_TU,LNEN216,-1.51473776801705,-1.10319807608451,-0.156678471576016,-1.17126520513363,-0.812846831719211,-0.533049000812245,-0.314343223024971,-0.225979198886555,-0.543565158933512,0.121410451424064
LNEN217_TU,LNEN217,-0.0971957089592191,0.0281765996902,-1.36864237950292,-4.68725504738986,-3.48247957092798,-1.13727512327305,1.36254589258628,-1.41842303604777,-0.0128736167262105,0.53672387782992
LNEN218_TU,LNEN218,2.22304421488402,-1.02108284765236,1.92067654618034,-0.616840176352812,-0.868819432308845,-0.23990387356501,0.101082384328061,-0.613036141532792,-0.0219775345524546,1.28387838216202
LNEN219_TU,LNEN219,-1.57363293372228,-1.18963457925505,0.19795539148337,-0.495462230046623,-0.727224646238861,-0.340881782133213,-0.49496050773349,-0.333650293285407,-1.94041149320553,-0.463077712275867
LNEN220_TU,LNEN220,-1.58379151493694,-1.07202249187656,-0.604689438463401,-0.922887137489729,-0.743274983125531,-0.787944351358173,-0.722198945830736,-0.813886051012209,0.694751318282436,0.42494427976528
LNEN221_TU,LNEN221,-2.30198974104029,-1.09397640268697,0.238216210508541,0.236462576314793,1.42678225856461,-0.0137937654430921,0.14132823334235,-0.729290595063447,-1.97906875089825,0.0565232116136467
LNEN223_TU,LNEN223,-1.89128744276304,-1.02426614696276,-0.61216239088976,0.389208362788183,-0.0637618130920967,-0.972404434229557,-1.46410459800117,-0.814589115565177,-2.58317073048114,0.397337079197703
LNEN224_TU,LNEN224,-0.0489489407663387,1.35753596693405,-0.950066681638788,-0.519611050777783,-0.0831888151303447,0.308978282949304,-1.41098091073805,-0.201124088681916,-0.479387241028392,0.237405760564032
LNEN225_TU,LNEN225,-0.98578977219648,-0.0964075951250142,-0.0727449375347688,0.377955820411953,0.667739415527182,0.767719111518264,0.462480105349571,-0.674163129960548,2.68936021178615,1.83052831009398
LNEN226_TU,LNEN226,-0.0730943116529489,2.13257594914234,-0.672736505397302,0.105987074582614,0.134568269025366,-0.0284953053787649,-0.892632674716934,-0.929296691257444,0.0727757100481666,0.140387144195031
LNEN227_TU,LNEN227,-0.0999171226809748,1.71349854301769,-0.467586299101714,0.0166799359871806,0.189300431485485,-0.373779283526644,-0.143707115653625,-0.530822007206376,-0.210807733061676,0.0862437221865633
LNEN228_TU,LNEN228,0.0246814145599538,1.46909548684767,-0.557403947535691,-0.585084743752288,-0.670533047041839,-0.352275008103253,0.277785817794251,-1.01901095847354,-0.268594601904136,0.457883451510223
LNEN229_TU,LNEN229,2.84558489340791,-1.02710777747786,-1.96834342420523,1.9992709245171,-0.30463571495837,-1.44474310033798,-0.147709077496138,0.44841351995791,0.218767955984402,-1.08800425092226
LNEN230_TU,LNEN230,-0.259037783759843,1.06677749588546,-0.627157446757671,-0.608699668368492,-0.64226419399332,-0.73194210608437,-0.012701766701562,0.0133224098367319,-0.0910514850566639,0.0909601987799487
LNEN231_TU,LNEN231,-1.46280400917297,-1.20935680055654,0.178992293458273,-0.364466919761862,-0.649524026770569,-0.920845422018687,1.09361890206901,-0.155812393497448,0.337832576492394,-0.523416771978712
LNEN232_TU,LNEN232,-1.71677615262974,-0.480159127820096,-0.311494183391022,0.163165077363504,0.409581769370723,-0.376692295088601,-0.450716205549637,-0.583452897992536,3.11702770430407,1.11331314491452
LNEN233_TU,LNEN233,-1.77436142805214,-1.15928672350087,-0.0820002994384979,-0.601128697269098,0.0644001770955506,-0.612502055218525,-0.360888529323333,-0.544104112733293,-1.63834962771094,0.165909914989268
LNEN234_TU,LNEN234,-1.57939979898046,-1.08921619654333,-0.511007026142841,-0.53724158561667,-0.423427514794769,-0.75898687907052,-1.18337261377684,-0.517047134763318,-2.0995314149458,0.37839072752256
LNEN235_TU,LNEN235,0.395169983061418,1.72685568738274,0.0335585320105678,-0.0894892144681718,-0.296280660938229,0.447799705264361,-0.0979304563300018,-0.739350148511108,-0.103919956557767,0.351001247970547
LNEN236_TU,LNEN236,-1.98468608522122,-0.806643164393162,-0.603043453547209,-0.136216562882102,0.194743492309282,-0.462042832990693,-1.33135615208021,-0.548274595851851,1.1924270384268,0.942352235428198
LNEN237_TU,LNEN237,2.64104922095293,-0.810067350928642,1.15511132415229,-0.142361537554014,-0.24419213545025,-1.07677621053598,-0.519384605030682,-0.56406160064392,0.24674282013148,-0.576732141375458
LNEN238_TU,LNEN238,-0.0359059048991086,-0.810067553307734,-1.07804554432429,-0.946687963738352,-0.615755358488179,1.07879521093393,1.00674775251731,-0.389228115262353,-1.15070286174981,1.98777259487248
LNEN239_TU,LNEN239,3.0449539357308,-0.835844594381568,1.74584046942928,-0.728517517705756,0.140591335066839,-0.577816704120396,-0.972192246105873,-0.564917270708654,0.145872800693368,-0.0437396421372084
LNEN240_TU,LNEN240,2.52987667971764,-0.636245727341079,1.42760448055007,-0.761873490073001,-0.986606136765024,0.00118914947355632,-0.586231279693204,-0.401467052205704,0.341420728504662,0.941481240041125
LNEN241_TU,LNEN241,-0.0119520186481725,1.00954806208124,-0.397029875186438,-0.470494528374398,-1.40969474991945,-0.580031106698184,0.454016902743161,-0.640606899535496,-0.126445992215654,0.585775229193556
LNEN243_TU,LNEN243,0.280077775378096,2.05024376991642,-0.0364284334732041,-0.231638562204833,0.141490038073985,0.451496989303035,0.416946204392223,-0.706836157223675,0.100157967576624,0.203097316165459
LNEN244_TU,LNEN244,-0.164969945848866,1.20396882533719,-0.97234962754344,-0.249330293749357,-0.674235050769081,-0.238496126209553,0.644312631504288,-1.09666926447138,-0.41175995252334,0.680680189863143
LNEN245_TU,LNEN245,-0.0966754570564037,1.88025966473541,0.225915621540774,0.298979985849979,0.440343009763973,0.474738735363484,-0.677974789899177,-0.700370030680664,-0.205460369632859,0.152925374456203
LNEN246_TU,LNEN246,0.579711314546006,2.40249549072933,0.727363342033128,0.357688683461215,1.40097944455264,1.03606674316794,-0.335698265279302,2.09950890991012,-0.295765048332972,-0.0290076293062941
LNEN247_TU,LNEN247,-0.0807226011344796,2.07813334014252,-0.148611738893045,0.371845447933691,0.26608394904478,-0.248336502317925,-0.0627286475598393,-1.38109233190856,-0.0216389401321567,0.178923666805951
LNEN248_TU,LNEN248,-0.275840982733288,1.74801164747696,-0.233193364749929,0.056280066346674,0.031002449026279,-1.02821293765316,0.0268963979180554,-0.959059711366453,-0.518521500521254,-0.293906664119356
LNEN249_TU,LNEN249,-1.74271817707591,-1.08870605661751,-0.636136364034386,-0.332187544478357,-0.309896050157917,-0.843530660651218,-1.26843167607696,-0.761933112809487,-2.59235260276737,0.337808688152973
LNEN250_TU,LNEN250,0.376275811448499,1.08299340369858,0.00145900327945843,-0.685405394612925,-0.450428874083121,-0.197978904923459,0.368215743825914,-0.251467129174489,-0.370630279639721,0.366593666670898
LNEN251_TU1,LNEN251,3.13439096886511,-0.882679491599566,0.0985098816562009,-0.193675437801374,1.02136002044866,-0.703937453649805,-0.165990212499753,0.241876270001669,-0.0583945627686302,-0.403645791506717
LNEN252_TU,LNEN252,3.17955894758589,-1.084454347961,-1.13682883771045,1.79801920916605,0.55558085347351,-1.54504830808557,-0.194929987957896,-0.105327760926323,0.0123789372297545,-0.68461215036656
LNEN253_TU,LNEN253,0.113572727809675,0.924152991502703,0.0437135406342869,-0.641627813038845,-1.06611229579003,-0.594512698569302,0.845250381553846,-0.648087624866021,0.126023999890882,-0.140664610747017
LNEN255_TU,LNEN255,-1.54435923857893,-1.27585119030378,0.637268376688688,-0.330004215565646,0.627660653518632,1.47526857313551,0.774329521249154,-1.08230369089865,-0.273964775307739,-1.04957157297736
LNEN258_TU,LNEN258,2.82936265207809,-1.11960824748708,2.53813851013056,0.673960753543557,0.488790808976291,-0.567066023668724,0.212013700870449,-0.543913686925585,0.19047865671063,0.544286331983614
LNEN263_TU,LNEN263,-0.125850724150932,2.16234419611342,-0.15458810008779,0.208527982362565,0.626545680476921,-0.165246179597781,-0.457255049230018,-1.20796322391445,-0.0318178096902467,-0.103906986162728
LNEN268_TU,LNEN268,0.0673443268593292,2.23800825765475,-0.503879172065916,0.696960151681685,0.400665062766368,-0.0583391921915014,-0.136272680721216,-1.24975647054867,0.476125869465536,-0.0809435584476426
LNEN269_TU,LNEN269,-2.03164797935681,-1.24881415067778,-0.0899473556855545,-0.448780585954086,0.0674509672926517,-0.801212363581335,-1.10084329468867,-1.30602235739565,-0.534943433797318,0.171087575251249
LNEN270_TU,LNEN270,0.0045356463333197,2.05511046157758,-0.629268599085126,-0.150730944362855,0.138327259247707,0.0286590632339656,-1.15732962782918,-0.59196463153258,-0.144604121220009,0.0405631068195343
LNEN272_TU,LNEN272,-2.10640030516778,-1.0533480370683,0.336507690209685,-0.292878331786432,0.926603413843589,0.309660252254095,-0.267757825102646,-0.627618132177549,1.31862619948833,-0.283757295135643
LNEN273_TU,LNEN273,-1.94789358222999,-0.599766117750326,-0.385367744812744,0.0147479131983909,0.361814418196605,-0.277244230771649,-1.06824280381964,-0.571862646018993,2.32378112720994,1.31062354798926
LNEN274_TU,LNEN274,2.59061776664341,-0.734114379303378,1.03039248267263,-1.13648072853489,-0.550566151877574,-0.158244390628414,-0.583794044513142,-0.321915939887044,-0.142875639281865,0.0543113017246923
LNEN276_TU,LNEN276,-2.09335232963404,-1.24889721937698,0.447607070096177,-0.240533191479421,-0.0506544964654571,-0.563930411116145,-1.04169585100511,-0.591292179173795,-0.280051102861601,-0.228305304376639
LNEN277_TU,LNEN277,1.99887647002415,-0.781399393442835,-1.61806961590602,-1.15133030777805,-0.378726634315111,-0.554777091441431,0.255314658806058,-0.23950735405031,-0.0698937963045331,-0.566433852432709
LNEN278s1_TU1,LNEN278s1,0.416575388436616,-0.693959658542891,-0.392729173900843,0.809245857361542,-5.0616442434947,1.51275397274969,-1.28307995090184,-0.564778210201294,0.733875186007835,0.348469109639057
LNET10T,LNET10T,0.361088655894954,-0.171074577577531,-0.563822994058394,-0.727311473245634,-2.93366897518562,0.594482896237238,-2.06354594189829,0.670641980150422,0.143537117761179,-2.77889137859502
LNET13T,LNET13T,-1.70964696603438,-0.713661270214358,0.343334381047007,-0.425853287032536,0.851048796408753,0.854515973823099,-0.206072179863672,0.1722766882977,1.60399105222763,-0.623875960233298
LNET14T,LNET14T,-1.45615733610587,-0.910237048537703,0.485780804525855,-0.661894996372156,-0.842565037227521,-0.625836788153463,1.39618478546903,0.748817107334421,0.650228201296347,-1.33815629972583
LNET16T,LNET16T,-0.644981859447332,-0.800065220155954,0.523515288437184,-0.225348061599716,-1.59508823808703,1.16498875306315,1.52913355930152,1.06448762828363,-0.0966145695830444,-1.24781099548706
LNET19T,LNET19T,0.00226643771935177,1.66609013805865,-0.103870628222903,-0.610392297052783,-0.976442061038201,0.139849004286829,0.038766158075757,0.614251512693481,0.0427034559906511,-0.0190107780023224
LNET2T,LNET2T,0.486533971381117,0.00208455494645405,-0.324617169567084,0.496983318696419,-0.000471858234593421,0.286950005078347,-0.0853875445612309,-0.0674648031957192,7.78217009454874e-05,-0.00149785077469909
LNET5T,LNET5T,-2.0371935661029,-1.26193732543092,1.70772958076794,0.177856005431021,0.320512329233715,1.1353061852602,0.868693686754555,-0.284007777727917,0.422933136232347,-4.24008740780815
LNET6T,LNET6T,-2.1523037596371,-0.891687579409591,0.0625349240794626,-0.473874412372731,0.655773834082233,0.0650893581025266,-0.00335521120087314,0.156120767387237,0.973615073563919,-0.785463869860871
Lu_Aty2,Lu_Aty2,0.817723372272271,-0.572595871798867,-1.15243809111658,-0.34070332819384,-4.65246393808519,0.655859316611885,-0.384663314379267,0.221664945185216,0.150664177184615,0.605479586883836
S00016,S00016,-2.64338700786773,-1.22259494683032,1.64591408297947,-0.0236566399694299,1.14522041555543,0.538400990295981,0.731674279932985,0.430288079856238,0.0212276786851341,-1.35298878834831
S00076,S00076,-1.35603213788534,-1.09159244305627,1.84958833934346,-0.0165293829997956,-0.374501423273215,1.29179690345357,3.96883231482825,0.61594288910283,-0.122593658591348,-2.21289045989276
S00089,S00089,1.16595332259257,-1.57808767629679,-2.28464597986284,0.890653509469072,0.551359272138171,2.04699785228553,1.63602337327395,0.833897947114954,-0.0229419575434623,2.29018910055455
S00094,S00094,0.460347199024419,1.80295340422387,0.306444837468723,0.00985574702584612,0.937454609240518,1.00920540668337,-0.128954629276284,1.29721451000514,-0.337911646920728,0.340022178328107
S00118,S00118,1.07286650778352,-1.02864552179908,-2.57974440344522,0.882964762083959,0.227193455676102,2.89853046372023,1.31811147120591,0.47655796987417,-0.115670639722686,3.43215343041963
S00128,S00128,0.226052982096794,-0.806946776682858,-0.939183301656626,-0.352810824490401,0.510230454149575,2.97324385813612,0.631009418191309,0.925270389233422,-1.20925102961185,2.46946040503219
S00515,S00515,-0.127231779183755,1.72529027811303,0.11829292495733,0.0347956532893731,0.124215863872515,0.482406132762906,-0.826404212207809,0.704982728467449,0.0238872860691626,-0.19369952878512
S00516,S00516,-0.172128064999405,2.11333781882294,-0.0725073459083905,0.385502218607868,0.143741753787933,-0.125220364332607,0.416205576489301,0.848038980389537,-0.339490273496545,0.0446264130135638
S00520,S00520,2.98841580030215,-0.469113774546976,2.86480705594907,0.200470917776621,0.238888885033107,0.524381492315144,-1.54657383025459,0.933510556261999,0.170226645581245,1.08348619360717
S00716_B,S00716_B,3.41005174360851,-0.688923034640733,3.36185120191017,0.133397485580086,0.37295111821338,0.829507428752398,-2.23026100308798,0.440825446027159,0.217406621329507,0.885260338969731
S00858,S00858,0.213647001978572,1.74080475628355,-0.191994953157462,0.332672018650989,0.762326334681791,0.554452488753775,-1.58997636356126,0.312437064635922,0.459000023712834,-1.1105983305669
S01060_B_TU,S01060_B,-2.53128289473123,-0.867081000669255,0.275778704555414,0.483281204139364,1.39454795689857,0.109248335574411,0.823797392686144,0.40247982262919,0.195343410675714,-0.194954959348595
S01103,S01103,0.141580874217135,1.92147725080216,-0.683134718314867,0.435672864947739,0.820435689893065,1.56989440808301,-1.72926053934919,0.428644023026772,0.487687087291984,-1.58435677365435
S01202,S01202,3.23175757460239,-0.691299415056629,3.21375935463268,0.477583366918212,1.10795974917659,-0.746386523492533,0.220724967427184,0.745064167212417,0.26107226268009,0.0874342317105415
S01493,S01493,2.54955343025022,-0.142465968087411,-1.77989179208209,0.162652509584148,0.607355325538311,0.342658586011957,-1.7037848053763,0.894138938362591,-0.0179755806712262,-1.14266831432298
S01501,S01501,-2.40965056983733,-1.20714712907026,0.188938394103333,0.43707730032321,0.203312936947925,-0.245711186576693,-2.54460680550759,0.190498910575459,-1.49367321499832,-0.403344575207014
S01502,S01502,-1.8514786533148,-1.15035440273485,-0.278073752856465,0.0798622035612142,0.204024562513143,-0.233466875543797,-0.0235864535877877,0.579727752760951,-2.12507811849007,0.668848913112833
S01504_B_TU,S01504_B,-1.7513578295263,-1.2631146387865,1.67446462335359,0.288058715180238,-0.189015158819967,-0.96901623389684,2.25353962213517,-0.57313001902488,0.128936725215884,-0.871696264212107
S01510,S01510,2.97778141200976,-0.89289424195475,-0.348813514637199,-0.107440345356893,1.15968950803794,0.684928744757009,-1.02526492478779,1.18273482768841,0.219932466283468,-0.280829220378472
S01513,S01513,0.318864919625877,-0.610940823581031,-0.78497189216041,-0.209564203554518,-2.43399388339523,0.881931370130414,-3.30124833309321,0.859537404128224,-0.659372756111597,-1.67085550263313
S01515,S01515,-0.796782372397211,-0.289216512595251,-0.820352692426304,-0.334667292185598,-0.420365941846323,0.906381112734434,-0.882891739831925,1.19495948651078,-0.0465983693183699,0.244453839569286
S01519,S01519,-2.10232236423297,-1.0490705694255,1.42825799161595,0.390027586410936,1.25235795856912,1.52870083997949,0.585313542182724,0.433184766955443,-0.354842306716294,-1.98384336448874
S01520,S01520,-1.61763242456991,-0.823650441940847,0.556442612650251,-0.590732227518502,-0.0202360528444542,0.853330296271168,0.428559742672718,0.870557420613636,0.663817836945935,-0.450507892919572
S01521,S01521,-0.247274859811788,2.57453246653788,-0.484786364289919,0.249147231260711,0.413758246742237,0.444558338133607,-0.798823274080182,0.722328937383434,0.0193131946008636,0.125295648984713
S01522,S01522,-1.1223154900347,-1.32588512594774,-0.842625833788752,0.529239703123049,-1.13835600145836,2.48857848831915,-1.52113522204735,-3.54510823873959,-0.991658665429157,0.182762317279285
S01526,S01526,-0.238433279755371,2.27707732617764,0.263731667299359,0.936580363831218,0.430540242307942,-0.778491299173746,0.412429106199371,0.760167604715106,-0.276816657581281,0.381415911118215
S01528,S01528,-2.58646022301565,-1.12882618972675,0.116305530219651,0.124240872601627,1.16656044022,-0.470492293491101,0.503825440161591,1.2058591271271,0.509415599925152,-0.280690179595494
S01529,S01529,0.0635188131114059,2.20077991403427,-0.217982940315096,0.366229711196325,1.15700117475152,-0.846264048497893,-0.340497293626331,1.54109381922096,-0.423001833315442,-1.03888603649127
S01531,S01531,-0.127699625390863,2.29519557633289,0.355150353545129,0.429321330923468,0.132187851075027,-0.47440027940575,-0.124987319466342,0.748081845000216,-0.0114977373764383,-0.168111746967305
S01532,S01532,-0.0727319572724375,2.2229382142958,0.0122677393962335,0.748213761000689,0.825693055452389,-0.3547121601415,0.200137660958551,0.651317832541141,-0.191938398403221,0.273213313250943
S01536,S01536,-2.20673207246321,-0.793563931873006,0.559067961688613,0.400137291005109,1.10775861698572,-0.812681166435821,-0.398454452280157,0.688347462795172,2.06453807217368,0.34748279249724
S01537,S01537,0.074011845420962,2.07525429605462,0.234227179433781,0.638941773504051,0.468243474792779,-0.883356812757651,0.611593544665032,0.812746318617235,-0.298532472505487,0.0968614973592219
S01538,S01538,-0.00870573388832637,2.03171070219216,0.0638196765944313,0.676561649996055,0.183415828262968,-0.807253262277999,0.846730366354137,0.791944203661323,-0.171106283368756,0.242749014228994
S01539,S01539,-0.0826912105368287,1.50124044896372,-0.626129857031504,0.261102867124161,0.742860331314126,-0.569334068827585,-1.11031258226673,1.52400505016823,-0.496937066220429,-0.343269409284742
S01540,S01540,-2.15344999515606,-0.75804517004196,-0.456686904165748,-0.0281973973148367,0.219491517871012,-0.337513057946421,-1.34550498876825,0.406476064080448,1.97945581339936,1.03028935868768
S01541,S01541,0.175208394872926,1.2698665578569,-0.171164448887265,-0.671162967737341,-1.2109626959354,-0.37234486720664,1.29556864385519,1.98428989592131,-0.12562676361031,0.370498805652809
S01543,S01543,-1.38280995054868,-0.717985129308062,0.67411163341382,0.24584616250628,0.181174936321148,-0.32864437782908,1.83726718051962,1.1622767018056,-1.81182660387801,0.0612841566288838
S01545,S01545,-2.28580450653947,-0.76495067709573,-0.373206364852974,0.756187734340575,0.464583042449367,-1.25107733172885,-1.28899506739988,1.03754206877593,2.38943634697169,1.04883239965214
S01546,S01546,0.492489239974265,1.75324435088439,-0.708849651629239,-0.315175126296793,-0.346522576567382,0.702905332913118,-0.358293426331251,0.995397995659285,-0.1198680013903,-0.43845875667443
S01567,S01567,2.33788662210526,-0.66967175579098,-2.32746704169112,-0.934920697692976,-0.541041226099114,0.171554789267523,-0.276695529700853,1.06781086612695,-0.14505317827709,-0.755721708987551
S01572,S01572,-1.18903207103395,-0.906259989677804,0.50707244605409,0.496017737905685,0.752405122852491,2.26218340350084,1.52907835748784,0.580924359797554,-1.95575221442972,0.121455013755322
S01573,S01573,-1.99163485998921,-1.05292544513909,0.171883936406049,-0.269816754482522,0.329118225604107,0.368084275844821,-0.554756334575236,0.5455148809106,-0.362578724133716,-0.619420971867298
S01576,S01576,-0.22068290753041,-0.00172306220842713,0.338772464888692,0.225747194453799,0.000518364675880873,0.178987651849096,-0.0015862640825754,-0.00225843385010937,0.000866632122643805,0.0397604310914936
S01577,S01577,-2.39606679027752,-1.25208152521517,1.29314668975171,1.58101896573966,-0.47259007194694,0.289146308619478,0.559156074613364,2.22304335700836,0.604384995288902,-1.3975706424921
S01582,S01582,0.0748542070839916,1.88237119995552,-0.326047347213077,0.684526829415762,-0.000157890325125075,-0.424601619055599,0.554692335683132,1.09043492926262,0.192583613422957,0.233305011299583
S01583,S01583,-0.457110635228477,1.86310272106618,0.652836324573302,0.666318969606047,0.587413312033894,-1.43067648200204,1.22354701522937,0.420597507509612,0.532975288490836,0.412592041794411
S01584,S01584,-0.0766047414711135,2.36363690329144,0.0460049341925539,0.633299008388502,0.529953208152576,-0.197250669064247,-0.452877280108217,1.00345424999227,0.0626096718104713,-0.243243045661664
S01585,S01585,-0.161823429151959,1.98085728653896,1.13415303942704,0.488351539590363,-0.0460887975366401,-1.0942333300376,1.85312433724134,0.409006819629703,-0.0950707835720277,0.629933056292096
S01590,S01590,-1.30900903610193,-0.278565238052707,-0.258548104433365,-0.124400251139986,0.345812234789964,0.352193928179681,1.00054775477199,1.77955204024327,2.45177284254958,1.96197607873247
S01593,S01593,0.470008324818224,2.32142003837582,0.753247698276854,0.660036117675922,0.605404668591807,-0.137228955376664,-0.30678290822177,0.853575066213657,0.143087948214584,-1.24992745207286
S01605_B_TU,S01605_B,0.219377421081291,1.66680195677222,0.572711807711804,-0.127595671726367,-0.262415999419043,0.669754757849328,1.8832442990752,-0.498517772158643,-0.679797087493623,-0.159332024531872
S01666,S01666,2.78373926286905,-0.656600231117759,-3.35483002805561,-0.0698673968942795,1.12809452404475,0.836105056676151,-1.54927474991018,0.556447479677785,-0.0268038932454832,-1.72681890543315
S01731,S01731,0.570517702847218,1.35726175211703,-1.66520978929504,-0.626986649237915,0.700663031404667,0.336557098396758,-0.712484461390374,0.841210455096326,-0.26620749668481,-0.330338624118273
S01733,S01733,-1.60020752468367,-0.0798227034399462,-0.803921472270753,0.212916808502337,0.800796817171561,0.244035949576542,-1.47075921762085,0.513364644000465,3.54494450456735,0.64602092582579
S01742,S01742,-2.13338721524361,-1.02032547552087,-0.270988541395943,-0.333824273256671,-0.481451845286894,-0.399648232464399,-1.63332009037652,0.676295069855309,-0.443548390439093,-0.102737828377517
S01746,S01746,-1.84502671221427,-0.925175049081824,-0.361817477942383,0.170394922164562,0.0144213701888536,-0.293331779250992,-1.56123602710238,0.568067506169867,-1.6128161132311,0.0400778860655147
S02126,S02126,-1.51882782830946,-1.55165609756789,0.758677263296775,-0.492806313890464,0.754980132330839,1.71775022505343,1.78307916439164,-0.887321281895325,0.339594880899999,-2.62304523509006
S02154,S02154,-1.03688245914407,0.00927826547407418,-0.830353844086101,-0.426795519266789,-0.063538539576587,0.782225591506085,0.0925972882751645,1.09202812895142,1.38430322171469,1.36063273288339
S02162,S02162,-1.28928785428192,-1.08654980229747,0.871532369521568,-0.519130103031186,-0.53924135073416,1.68773595840902,1.16905669014608,0.881510111801116,-0.467774258061575,-2.52996883539882
S02323,S02323,3.05350255508246,-0.661548872020913,2.53912001211171,0.177437038534878,-0.251618124353664,1.0071264647686,-1.50757231440879,0.499683472977575,-0.0697901721420994,0.727968549239171
S02325,S02325,3.07955744064987,-0.25703521509005,-0.682176077754183,0.4274764920522,0.85711675854096,0.525932732937573,-0.953017313540492,0.630251587948822,-0.276221159744332,-0.0747678403289887
S02326,S02326,0.225407285681353,2.33247119638175,-0.437751307881859,0.217420528192293,0.14162074752351,0.450656822791566,-0.0689606497063054,0.517511244502212,-0.619531452284462,0.569440820612659
S02327,S02327,-2.20779896860939,-0.699159757992405,0.399280479824381,-0.0615316386022996,0.26668145368719,-0.329717112783022,-0.351935891540309,1.01805417106028,1.53532121118722,0.438330427820966
S02330,S02330,-1.64922905795417,-0.990450316910155,-0.100432862708276,-0.337103430790648,-0.0902881436520641,-0.671244648995213,0.210755695234152,0.879524988849461,-1.67058167163022,0.392292340900158
S02331,S02331,-2.1835457869809,-0.84854348066937,0.662093978414183,0.226984598760416,0.402026812378297,1.31108805958157,-0.457209986129886,0.288036447078915,0.0675235209270392,-1.99693015185572
S02333,S02333,-1.5250960101659,-0.297040183604769,-0.672384545763792,0.165797864454842,1.1658839113073,0.991953777942683,-0.586548988991547,0.915365977269946,2.83869969211891,1.89703972268793
S02334,S02334,-0.0630788254910246,2.43957477065683,-0.344173656786123,0.325650052950498,0.691068038932817,0.242773529110579,-0.393486272374883,0.741568333334895,-0.247396123965634,-0.0029773356406628
S02335,S02335,-1.68024872244189,-0.94551906975607,1.64380335413428,0.240455738559712,0.555987480936299,1.1652591705171,0.679924713226015,0.438673314283316,-0.289349069056116,-1.14539605989993
S02337,S02337,-1.93789561859878,-0.928333688895372,-0.340723897840177,0.364516495363289,0.0535634726310063,-0.822641209444804,-1.89532138684865,0.567883498157614,-2.78866768394856,0.762185030137781
S02338,S02338,-0.210758938594763,2.10464897726615,-0.431265601451693,0.237972845678472,0.614069265084095,0.373894309607071,-1.25320328831087,0.86169716895715,-0.178379078847059,-0.115953311301989
S02339,S02339,-0.122718741947584,2.00143704132255,-0.669806527628084,-0.397403718103818,-0.752074453185016,0.24346092664223,-0.764014839757194,0.770082946003904,0.198497988701828,-0.0698014603900178
S02340,S02340,-0.133053107824611,-0.975126013420587,-0.145040461837815,-0.153521461781532,-0.849085696950097,2.23950123766301,3.60449596536797,1.31262135251328,0.0584096300220343,1.26164247582505
SRR10720229,SRR10720229,-0.869298260919401,-1.14707059282876,0.514801616460192,-0.863132028648632,-2.00731148656797,1.40203745645022,1.02047089488932,0.380302004106287,-0.664244789705142,-1.75271227094016
