"Sample","Morphology_LF","Adaptive-response_LF"
"MESO_001_T",-0.359072953462601,0.00698035676032305
"MESO_002_T2",-1.3571982383728,0.84538608789444
"MESO_003_T2",0.0586011372506618,-1.1755176782608
"MESO_006_T",0.641431927680969,-2.70146203041077
"MESO_007_T",2.50256061553955,-1.02383196353912
"MESO_009_T",0.279050499200821,0.327662229537964
"MESO_010_T",0.776077330112457,-2.02589178085327
"MESO_011_T",0.988994002342224,-1.99505519866943
"MESO_012_T",-0.163432970643044,2.28436398506165
"MESO_013_T",1.50501668453217,-1.91176474094391
"MESO_014_T",0.601758122444153,-1.24227666854858
"MESO_015_T",1.89264357089996,-0.963388800621033
"MESO_016_T",2.20170164108276,-0.574183523654938
"MESO_017_T",0.91544896364212,-1.0487517118454
"MESO_018_T",1.51286065578461,-2.74975872039795
"MESO_019_T",-3.80781507492065,-1.51786780357361
"MESO_020_T",1.17697989940643,0.902723610401154
"MESO_021_T",0.753406405448914,-1.15947902202606
"MESO_022_T",0.901932179927826,0.672990560531616
"MESO_023_T",-0.704391777515411,1.43805801868439
"MESO_024_T",-1.6998428106308,0.484558582305908
"MESO_025_T",0.0704128444194794,-1.43586111068726
"MESO_026_T",2.10824608802795,0.247714683413506
"MESO_027_T",0.603929996490479,-0.658686757087708
"MESO_028_T",2.22000885009766,-0.0758587196469307
"MESO_029_T",0.526123523712158,-0.890186369419098
"MESO_030_T",-1.12518990039825,2.86369228363037
"MESO_031_T",0.190718367695808,-0.703669250011444
"MESO_032_T",-0.551904022693634,0.975424468517303
"MESO_033_T",0.469909340143204,2.21454834938049
"MESO_034_T",0.637700259685516,1.69839119911194
"MESO_035_T",-0.272325366735458,0.702330887317657
"MESO_036_T",0.15633125603199,1.44972264766693
"MESO_037_T",-1.00597608089447,-1.87647414207458
"MESO_038_T",0.0459478050470352,0.388535976409912
"MESO_039_T",-0.138785645365715,1.69391977787018
"MESO_040_T",0.335670173168182,-0.594247043132782
"MESO_041_T1",-0.0421565361320972,0.7548006772995
"MESO_042_T1",0.879538178443909,1.44704115390778
"MESO_043_T",1.94448339939117,1.2100944519043
"MESO_044_T",-1.15661358833313,0.561738193035126
"MESO_045_T",-0.0734891295433044,3.07543444633484
"MESO_046_T",0.415437787771225,-1.83590495586395
"MESO_047_T",-0.72356903553009,1.03284633159637
"MESO_048_T1",-0.0700118243694305,-1.3030219078064
"MESO_049_T",1.54013454914093,0.226540446281433
"MESO_050_T",-1.13845121860504,2.58147954940796
"MESO_051_T",0.238032281398773,0.128506734967232
"MESO_052_T2",1.40852510929108,0.529321372509003
"MESO_053_T",1.41866409778595,-1.14894068241119
"MESO_054_T",1.19979274272919,1.51643562316895
"MESO_055_T",-1.2243036031723,1.36495649814606
"MESO_056_T2",1.09343719482422,-0.613344252109528
"MESO_057_T2",1.6063107252121,-1.95852184295654
"MESO_058_T2",-0.331906586885452,1.61916649341583
"MESO_059_T1",1.00910723209381,1.82667136192322
"MESO_060_T",3.57592558860779,-0.488102376461029
"MESO_061_T",-2.62757396697998,2.94577598571777
"MESO_062_T2",1.27158856391907,1.73274767398834
"MESO_063_T",0.497833609580994,1.26443040370941
"MESO_064_T",0.327637523412704,-1.22694313526154
"MESO_065_T",1.52647793292999,0.918296039104462
"MESO_066_T",-0.0281804092228413,1.15276086330414
"MESO_067_T",0.539382636547089,0.470028221607208
"MESO_068_T",0.452844440937042,1.47039175033569
"MESO_069_T",1.21488642692566,0.724151790142059
"MESO_070_T",-1.51516532897949,1.46607911586761
"MESO_071_T",2.42095184326172,0.757052361965179
"MESO_072_T",-1.05595982074738,-1.19585645198822
"MESO_073_T",0.847407698631287,-0.182376623153687
"MESO_074_T",0.317090630531311,-1.99376225471497
"MESO_075_T",0.402839690446854,0.395351827144623
"MESO_076_T",0.429477572441101,0.51305890083313
"MESO_077_T",0.724185466766357,-1.38138771057129
"MESO_078_T",0.527008652687073,-1.54586350917816
"MESO_079_T",-1.10865378379822,2.89421653747559
"MESO_080_T",0.7713862657547,-1.35841572284698
"MESO_081_T",0.760116219520569,0.577978551387787
"MESO_082_T",-1.71297359466553,-0.89823716878891
"MESO_083_T",1.3202258348465,-1.55575323104858
"MESO_084_T",1.24161040782928,0.733374893665314
"MESO_085_T",3.40204262733459,-0.641315698623657
"MESO_086_T",1.14893877506256,1.27534055709839
"MESO_087_T",0.60418838262558,0.664456069469452
"MESO_088_T",0.756478130817413,-1.59210455417633
"MESO_089_T",2.90655279159546,0.344540894031525
"MESO_090_T",-0.316258668899536,2.34857511520386
"MESO_091_T",0.246073618531227,-1.10952198505402
"MESO_092_T",2.68702840805054,-0.237104862928391
"MESO_093_T",0.276653349399567,0.082209974527359
"MESO_094_T1",-2.01108384132385,2.28349208831787
"MESO_095_T",-1.06127786636353,0.254062801599503
"MESO_097_T",-3.25006294250488,-2.25750875473022
"MESO_098_T",-3.69237327575684,-1.34081673622131
"MESO_099_T",-2.34390807151794,1.09037792682648
"MESO_100_T",-2.41220951080322,-1.30342257022858
"MESO_101_T",-2.75958871841431,-1.30335104465485
"MESO_102_T",-0.163994878530502,0.260843276977539
"MESO_103_T",-0.441744148731232,1.7045214176178
"MESO_104_T",-2.4447238445282,-1.70631098747253
"MESO_105_T",-2.10522317886353,-2.10390472412109
"MESO_106_T",-2.17114639282227,3.04181337356567
"MESO_107_T",-3.1830198764801,0.00737206591293216
"MESO_108_T",-3.77841210365295,-1.14094614982605
"MESO_109_T",-2.54179549217224,-1.19426548480988
"MESO_110_T",-2.20216488838196,-1.56775963306427
"MESO_111_T",1.20815443992615,-1.60761249065399
"MESO_112_T",-2.96795749664307,-2.01859521865845
"MESO_113_T",-2.33351612091064,-0.269254416227341
"MESO_114_T",-2.23643708229065,0.227441787719727
"MESO_115_T",0.817269623279572,0.0793505534529686
"MESO_116_T",0.434389561414719,0.560093522071838
"MESO_117_T",-1.71138978004456,0.230682879686356
"MESO_118_T",-0.30157670378685,-1.60414862632751
"MESO_119_T",0.750021755695343,0.382181882858276
"MESO_120_T",-0.31262281537056,0.68830817937851
"MESO_121_T",0.456938892602921,-0.813478291034698
"MESO_122_T",-0.700639307498932,0.673374056816101
"MESO_123_T",0.720167934894562,-0.73494678735733
"MESO_124_T",-0.444476574659348,0.78451931476593
"SRR18543964",-0.411054581403732,-1.69657766819
