"Sample","Factor1","Factor2","Factor5"
"LNEN002",2.93152682362172,-0.778836778144241,0.654034704262002
"LNEN003",0.141281048128896,1.90887628934229,0.381332385614461
"LNEN004",0.121415414811299,2.14883253715323,0.423750977147909
"LNEN005",-0.0531877033596717,-0.663661521423795,-5.13934245751566
"LNEN006",0.29001517746573,1.27047425499718,0.224200108810661
"LNEN007",3.28805797886235,-0.700315151955857,0.689390473221642
"LNEN008",3.22608372166154,-0.85152979804425,0.921770552117166
"LNEN009",1.90262832162416,-0.197278320153166,-1.37744314549398
"LNEN010",3.78453381825248,-0.923875800783982,0.667373763032818
"LNEN011",-0.206080710716075,2.32453625330271,0.563950908296549
"LNEN012",0.565295894802178,-0.554065392121885,-4.0256577255758
"LNEN013",-1.78611917279548,-1.05649808195049,0.498359488725149
"LNEN014",3.58737272168547,-1.04564095898129,0.901571806526435
"LNEN015",2.78472956060901,-0.939507058109552,0.226667788504859
"LNEN016",0.0118686859515218,1.25201649688377,-1.16113571276348
"LNEN017",2.78640926457723,-0.755783307518261,-0.562742789389604
"LNEN018",0.438437256499652,1.19005387038337,0.0589885862431916
"LNEN019",-1.26311514376123,-1.06807984655247,-0.250646550527502
"LNEN020",2.81879071883125,-0.62321495921907,-0.42040038359734
"LNEN021",-1.55178240021206,-1.36423399963583,-0.517269242184137
"LNEN022",-0.065635793082178,-0.430614338977416,-3.53232481309145
"LNEN023",0.696710610594898,2.0245621186415,1.1708601186521
"LNEN024",-0.577761377153667,1.06090809870326,0.182493369655081
"LNEN025",0.0820301883316833,2.10793159737632,0.0692270747256494
"LNEN026",0.984060275529965,-1.05605298753602,-0.203851730831228
"LNEN027",-1.34110388261107,0.119770313068377,-0.0725114199299235
"LNEN028",0.0929550496683811,1.4980091919353,-0.490049707155933
"LNEN029",2.85557074080512,-0.747875062921162,-0.103711543537307
"LNEN030",-0.094496261635605,1.55444749005571,-0.700248736479367
"LNEN031",0.00436707047947921,2.0871569637744,0.296034416773573
"LNEN032",0.0826040635811485,2.5103092229378,0.547164111698847
"LNEN033",-0.30869066224757,2.01417739025778,-0.0269200275635746
"LNEN034",-1.05624195894446,-1.190082885571,-0.0878690424497907
"LNEN035",2.27939112739523,-0.79499864689338,-1.03163666090934
"LNEN036",2.78166512524674,-1.02289761690654,0.41834538705203
"LNEN037",-1.38184153682364,-0.561581156281263,-2.0918287531852
"LNEN038",0.193144393193583,1.86160591949608,1.00814523459806
"LNEN039",-2.21660510747284,-0.580967365598562,-0.160457259187229
"LNEN040",0.0467859681126481,2.1656993320555,0.076849102219139
"LNEN044_TU",-1.71808848225083,-1.17249218738867,-0.497921475005977
"LNEN047_TU",-1.90700869923506,-1.10226237208628,0.904097214758002
"LNEN048_TU",-1.72434220257645,-1.19147622551887,0.672364048214511
"LNEN050_TU",-0.882239038167206,-1.05564871396804,0.964013897241689
"LNEN051_TU",0.429651114112549,2.40965342710773,0.613172312450199
"LNEN052_TU",2.8724689453241,-0.751146553884845,0.871392995025326
"LNEN053_TU",3.28963075318499,-0.847610941634503,1.01424693658854
"LNEN054_TU",0.539128092707915,1.3428106204851,-0.542429398818167
"LNEN055_TU",0.501210295950706,1.85406606569074,-0.152560608588889
"LNEN056_TU",-0.326531491814124,0.584695406940316,-0.334684169092706
"LNEN057_TU",-1.14199534338003,-1.06403078472275,0.024167647733992
"LNEN058_TU",2.87642841668125,-0.878371710494864,-0.280709424254522
"LNEN060_TU",0.304696873508009,1.24671245570246,-0.484785541379555
"LNEN061_TU",0.0722802490764071,1.12067305266988,-0.819968664532398
"LNEN063_TU",-1.92269970793298,-1.31054037652062,0.447343069985777
"LNEN064_TU",0.395742570692138,1.64807244078559,0.192656688759641
"LNEN066_TU",3.43692165708191,-1.21243183846795,0.482641907041613
"LNEN067_TU",3.24711031940605,-0.959521237293138,0.848776130807082
"LNEN068_TU",-1.79398821662187,-1.08551225867128,-0.440939922432056
"LNEN069_TU",0.0294688927569857,-0.916626573002064,0.103971633649945
"LNEN071_TU",-0.0364111905902671,-0.420427267656806,-3.35667403815963
"LNEN072_TU",1.80940986847862,-0.671578204439756,-1.74681352026123
"LNEN073_TU",3.25440572831539,-1.07861624486449,1.08799729029311
"LNEN074_TU",-0.11106594268678,1.62601071113732,-0.686187612494802
"LNEN076_TU",-1.6515612555032,-1.28242803292332,-0.338004395484072
"LNEN077_TU",-0.0425543559144823,0.63604308076919,0.411250619919707
"LNEN079_TU",0.239577745825651,1.92177397004681,-0.796720857671308
"LNEN081_TU",-2.21835502301802,-1.11979516828429,0.925307957784055
"LNEN082_TU",2.49144026183591,-0.891079834601341,-0.0358437580266823
"LNEN083_TU",3.41452302646415,-0.823554670177798,0.0763133471778482
"LNEN084_TU",1.57209530237139,-0.643525876891083,-2.17730608871758
"LNEN085_TU",-1.21889566448042,-1.28799498038163,0.397731589631181
"LNEN086_TU",-0.0315978729981117,2.14388795922083,0.633788163795633
"LNEN087_TU",3.10359186630802,-1.01590559204264,0.475632404569484
"LNEN089_TU",1.01458131257078,-1.23877153166947,0.20634327398171
"LNEN090_TU",3.27892549444282,-0.958586974250411,0.819429680709574
"LNEN091_TU",-1.83734847962358,-1.17351437091679,-1.10731228534706
"LNEN092_TU2",-2.45101256183426,-1.39710819012231,1.05327132332791
"LNEN093_TU2",-1.7506409831602,-1.02723458842836,0.0690879955117069
"LNEN094_TU5",3.14980803958275,-0.895995110424223,-0.0265243593016775
"LNEN095_TU2",3.4881347946227,-0.986774809160998,1.02972268225171
"LNEN096_TU3",0.231641683509283,2.18021680367594,0.733619951577877
"LNEN097_TU5",-2.26814203404394,-0.75874916360493,1.10866646456643
"LNEN098_TU1",-0.0275420737219978,2.33875811771433,0.797888175043535
"LNEN099_TU2",-1.30800331510131,-1.48745864369789,-0.388315453675797
"LNEN100_TU1",-2.5367573560837,-1.23944505045581,0.083710340392153
"LNEN101_TU1",-0.585057635124029,2.05489910682703,-0.41585848880997
"LNEN102_TU1",0.0556616135363933,1.57468861116121,-0.00232247517190488
"LNEN103_TU2",-2.13438660044761,-1.11091535321064,0.295308203229519
"LNEN104_TU3",-1.92701234785411,-1.06417215048168,-0.687228296530027
"LNEN105_TU1",-1.75593961025653,-0.960435225732265,-0.455610718078347
"LNEN106_TU1",3.61056450338848,-0.942671620475543,0.872908212414837
"LNEN107_TU2",-0.434363862272589,-0.850427650120737,-2.01210744043753
"LNEN108_TU1",-1.98854915330195,-1.08993162327007,-0.0906127755361722
"LNEN109_TU",-1.90327773014908,-0.869173970156435,0.270916932965951
"LNEN110_TU",1.05032508405149,-1.11617426606531,-0.381246608693083
"LNEN111_TU2",2.09054055297667,-0.86406643065582,-0.953441170622427
"LNEN112_TU1",-0.162448414324767,1.82859479860064,0.290082953681876
"LNEN113_TU2",-1.1500050100408,0.178475184582352,-0.21051448117557
"LNEN114_TU2",-0.232345134631887,1.63078652974308,-0.569690364989233
"LNEN115_TU1",0.102162610773293,2.1636801139375,0.108453796510176
"LNEN116_TU1",3.31971446458525,-0.872730921588657,0.046736169495326
"LNEN117_TU1",-1.68060057787592,-0.343384564834198,0.537665343976913
"LNEN118_TU2",0.0338774368773858,1.79511554620464,0.422123299185374
"LNEN119_TU3",2.50390731828225,-0.603215600336785,1.1828498852861
"LNEN121_TU",0.119772070843514,2.00447141781261,-0.187140097678893
"LNEN122_TU",2.05131214251865,-0.335769708379374,-0.210617855375937
"LNEN123_TU",-1.65425522481124,-0.568542153691966,-0.522868060148193
"LNEN125_TU",2.7575331272426,-0.605766876819633,0.563554199827058
"LNEN126_TU",3.09350548967332,-1.03813964279451,1.6169133678123
"LNEN127_TU",-0.0520943299788547,2.51163749939027,1.17953101173369
"LNEN128_TU",-0.0835879775395663,1.93040076274652,0.264539061178056
"LNEN129_TU",-0.246154994986124,2.00481824839642,-0.0407491641314371
"LNEN130_TU",2.97026663971676,-0.983892627780292,1.27718406249102
"LNEN131_TU",2.5106077293544,-0.836516194412515,0.314762970789178
"LNEN132_TU",2.58709398247296,-0.679410139213232,0.251078152316256
"LNEN133_TU",3.16838874369742,-0.862422812935051,-0.0395762706729535
"LNEN134_TU",-0.688368647306372,-0.847890057554261,-0.998991763357319
"LNEN135_TU",-2.07244262955183,-1.0958308562686,0.491473819615716
"LNEN136_TU",-2.43275882432965,-0.879806861956456,1.15884158762531
"LNEN137_TU",-0.0292244632577662,1.75078439055003,0.0521339614087882
"LNEN139_TU",-1.89422890853307,-1.17833793118042,0.536160760343925
"LNEN140_TU",-2.28482909857005,-1.22053553791101,0.408219039367486
"LNEN142_TU",3.1019913755082,-0.959235956078376,0.656579612478785
"LNEN143_TU",-2.11325460946622,-0.98009081888414,0.912151160613618
"LNEN145_TU",0.170201604873186,1.94862089936818,0.420185950579551
"LNEN146_TU",-1.74510006414911,-1.1220203927213,-0.0451065124235511
"LNEN147_TU",-1.98997941996896,-1.32182570400233,0.266953148627562
"LNEN148_TU",-2.07853553062495,-1.11271813653376,0.864231293719151
"LNEN151_TU3",0.187029123234848,1.59954980829362,-0.526471811877169
"LNEN152_TU",0.0227059375684871,1.3944448354569,-0.830219533061735
"LNEN153_TU6",2.61685406095085,-0.769041856711044,0.226708157562345
"LNEN154_TU3",-0.0969226684988507,1.62123457671391,-0.450316348401607
"LNEN155_TU7",0.0596947572636486,2.15226741873831,0.336123213465457
"LNEN156_TU",-1.61566994904033,-0.773098527095992,-0.726099831658308
"LNEN157_TU2",-2.17420306316525,-0.536689788628775,0.40623328698067
"LNEN158_TU",2.98573566240089,-1.06835087551446,0.972580181380335
"LNEN159_TU2",3.13140062193971,-1.16639391191104,1.06715974008773
"LNEN161_TU",-0.112975389437216,1.54545331649902,0.288620011926838
"LNEN162_TU",-1.82294195076463,-0.780528116236909,-0.0518547471613283
"LNEN163_TU",-0.0701149024929531,1.48444260421714,-0.342316550684006
"LNEN164_TU2",2.9918991827773,-1.11936986047448,0.835469765935722
"LNEN165_TU2",-0.180032236556142,2.01111048222804,0.461676562877335
"LNEN166_TU2",-0.236887503968863,1.80515658223172,-0.249489258645288
"LNEN167_TU2",2.15244716187415,-0.914428241967793,-0.899135425961879
"LNEN168_TU1",0.197434601746922,2.12162387825769,0.435565976777822
"LNEN169_TU1",-3.02379240508384,-1.41131454085607,1.07731032168663
"LNEN170_TU4",0.886370224878555,-0.937328782406009,0.236783093166465
"LNEN171_TU1_R1",-2.23118649954639,-0.988430839411149,1.69915592950045
"LNEN172_TU",0.30055304839751,1.81079536183608,0.683351140939156
"LNEN173_TU",0.0754882769087094,2.55980180715,0.822652943200856
"LNEN174_TU",3.102773104755,-0.882663724730421,0.755183570882139
"LNEN175_TU",-1.41352450820932,-0.485878186567443,0.0195645680809379
"LNEN176_TU",-1.65119539789234,-0.922862385843443,-0.331449242318225
"LNEN177_TU",0.464618899803055,1.8668596546583,0.579138177354527
"LNEN178_TU",-2.45113998933786,-1.08050751013285,0.147703568698336
"LNEN179_TU",-1.43095086044921,-1.20815001056178,-1.24225038702444
"LNEN180_TU",0.245340623053482,-0.560614143198441,-4.47823272955815
"LNEN181_TU",-2.1098448497004,-0.982189819811715,1.27113810245593
"LNEN182_TU",-1.48698700452604,-1.07645798694381,-0.446910024164781
"LNEN183_TU",3.35795464610528,-0.971740840288471,0.960440092011494
"LNEN184_TU",0.000845396776936272,1.73642772795295,-0.571175010991077
"LNEN185_TU",2.30232560763795,-0.913154382495789,-1.19634349708315
"LNEN187_TU",0.0902729935374958,2.00888894201216,-0.635468281345789
"LNEN188_TU",1.60315375763179,-0.317163508569006,-0.719791471785854
"LNEN190_TU",-2.11701218894835,-1.23478513946198,0.334830559170633
"LNEN191_TU",-0.0916313468005079,1.8484421226946,0.33217688538087
"LNEN192_TU",-1.98250344658294,-1.06069588820585,0.442441280198052
"LNEN193_TU",-1.87577060570388,-0.950276043936577,0.153706095226775
"LNEN194_TU",2.67517618406048,-0.926338661274209,0.175687385268526
"LNEN195_TU",-2.00587739023369,-1.20637988591278,-0.787937845620421
"LNEN196_TU",-2.12417605868857,-1.21218825988329,0.294765352026605
"LNEN197_TU",-2.10476802564098,-1.22042117689684,0.0828237475947553
"LNEN198_TU",-1.19428574871296,-1.08697987525195,0.570607594780157
"LNEN199_TU",-0.184493486438162,2.10644930133926,0.161471041287187
"LNEN201_TU",0.0783225591859586,-1.1459579538244,0.172453852702147
"LNEN202_TU",0.00884691931416189,1.8380440206268,-0.0632995859158823
"LNEN203_TU",0.22086056421163,1.196807608033,-0.177176746400751
"LNEN204_TU",0.118821710194623,1.70045994702329,0.210449554848837
"LNEN205_TU",-1.73630510261829,-1.04543161924273,-0.542839422319704
"LNEN206_TU",0.201900134878831,-0.568964624190935,-4.88693669003063
"LNEN207_TU",-1.7925224166522,-0.769764010103623,1.0665542086105
"LNEN208_TU",-2.0781420969611,-1.0982553171013,0.668181325696096
"LNEN209_TU",2.9381958114167,-1.00123143529091,0.122752054504972
"LNEN210_TU",-1.4028518637008,-1.53609428339643,1.27986310265977
"LNEN211_TU",-0.109567558120072,1.59877135621611,-0.479678067774357
"LNEN212_TU",-1.21910000473552,-1.00536848140312,-0.763520812928151
"LNEN213_TU",-0.165225037164608,1.81358824661297,-0.656828930186716
"LNEN214_TU",0.685552526663266,-1.15900983206381,-1.07482465182845
"LNEN215_TU",-1.99318685547053,-1.45184756048499,2.07935277842857
"LNEN216_TU",-1.51473776801705,-1.10319807608451,-0.812846831719211
"LNEN217_TU",-0.0971957089592191,0.0281765996902,-3.48247957092798
"LNEN218_TU",2.22304421488402,-1.02108284765236,-0.868819432308845
"LNEN219_TU",-1.57363293372228,-1.18963457925505,-0.727224646238861
"LNEN220_TU",-1.58379151493694,-1.07202249187656,-0.743274983125531
"LNEN221_TU",-2.30198974104029,-1.09397640268697,1.42678225856461
"LNEN223_TU",-1.89128744276304,-1.02426614696276,-0.0637618130920967
"LNEN224_TU",-0.0489489407663387,1.35753596693405,-0.0831888151303447
"LNEN225_TU",-0.98578977219648,-0.0964075951250142,0.667739415527182
"LNEN226_TU",-0.0730943116529489,2.13257594914234,0.134568269025366
"LNEN227_TU",-0.0999171226809748,1.71349854301769,0.189300431485485
"LNEN228_TU",0.0246814145599538,1.46909548684767,-0.670533047041839
"LNEN229_TU",2.84558489340791,-1.02710777747786,-0.30463571495837
"LNEN230_TU",-0.259037783759843,1.06677749588546,-0.64226419399332
"LNEN231_TU",-1.46280400917297,-1.20935680055654,-0.649524026770569
"LNEN232_TU",-1.71677615262974,-0.480159127820096,0.409581769370723
"LNEN233_TU",-1.77436142805214,-1.15928672350087,0.0644001770955506
"LNEN234_TU",-1.57939979898046,-1.08921619654333,-0.423427514794769
"LNEN235_TU",0.395169983061418,1.72685568738274,-0.296280660938229
"LNEN236_TU",-1.98468608522122,-0.806643164393162,0.194743492309282
"LNEN237_TU",2.64104922095293,-0.810067350928642,-0.24419213545025
"LNEN238_TU",-0.0359059048991086,-0.810067553307734,-0.615755358488179
"LNEN239_TU",3.0449539357308,-0.835844594381568,0.140591335066839
"LNEN240_TU",2.52987667971764,-0.636245727341079,-0.986606136765024
"LNEN241_TU",-0.0119520186481725,1.00954806208124,-1.40969474991945
"LNEN243_TU",0.280077775378096,2.05024376991642,0.141490038073985
"LNEN244_TU",-0.164969945848866,1.20396882533719,-0.674235050769081
"LNEN245_TU",-0.0966754570564037,1.88025966473541,0.440343009763973
"LNEN246_TU",0.579711314546006,2.40249549072933,1.40097944455264
"LNEN247_TU",-0.0807226011344796,2.07813334014252,0.26608394904478
"LNEN248_TU",-0.275840982733288,1.74801164747696,0.031002449026279
"LNEN249_TU",-1.74271817707591,-1.08870605661751,-0.309896050157917
"LNEN250_TU",0.376275811448499,1.08299340369858,-0.450428874083121
"LNEN251_TU1",3.13439096886511,-0.882679491599566,1.02136002044866
"LNEN252_TU",3.17955894758589,-1.084454347961,0.55558085347351
"LNEN253_TU",0.113572727809675,0.924152991502703,-1.06611229579003
"LNEN255_TU",-1.54435923857893,-1.27585119030378,0.627660653518632
"LNEN258_TU",2.82936265207809,-1.11960824748708,0.488790808976291
"LNEN263_TU",-0.125850724150932,2.16234419611342,0.626545680476921
"LNEN268_TU",0.0673443268593292,2.23800825765475,0.400665062766368
"LNEN269_TU",-2.03164797935681,-1.24881415067778,0.0674509672926517
"LNEN270_TU",0.0045356463333197,2.05511046157758,0.138327259247707
"LNEN272_TU",-2.10640030516778,-1.0533480370683,0.926603413843589
"LNEN273_TU",-1.94789358222999,-0.599766117750326,0.361814418196605
"LNEN274_TU",2.59061776664341,-0.734114379303378,-0.550566151877574
"LNEN276_TU",-2.09335232963404,-1.24889721937698,-0.0506544964654571
"LNEN277_TU",1.99887647002415,-0.781399393442835,-0.378726634315111
"LNEN278s1_TU1",0.416575388436616,-0.693959658542891,-5.0616442434947
"LNET10T",0.361088655894954,-0.171074577577531,-2.93366897518562
"LNET13T",-1.70964696603438,-0.713661270214358,0.851048796408753
"LNET14T",-1.45615733610587,-0.910237048537703,-0.842565037227521
"LNET16T",-0.644981859447332,-0.800065220155954,-1.59508823808703
"LNET19T",0.00226643771935177,1.66609013805865,-0.976442061038201
"LNET2T",0.486533971381117,0.00208455494645405,-0.000471858234593421
"LNET5T",-2.0371935661029,-1.26193732543092,0.320512329233715
"LNET6T",-2.1523037596371,-0.891687579409591,0.655773834082233
"Lu_Aty2",0.817723372272271,-0.572595871798867,-4.65246393808519
"S00016",-2.64338700786773,-1.22259494683032,1.14522041555543
"S00076",-1.35603213788534,-1.09159244305627,-0.374501423273215
"S00089",1.16595332259257,-1.57808767629679,0.551359272138171
"S00094",0.460347199024419,1.80295340422387,0.937454609240518
"S00118",1.07286650778352,-1.02864552179908,0.227193455676102
"S00128",0.226052982096794,-0.806946776682858,0.510230454149575
"S00515",-0.127231779183755,1.72529027811303,0.124215863872515
"S00516",-0.172128064999405,2.11333781882294,0.143741753787933
"S00520",2.98841580030215,-0.469113774546976,0.238888885033107
"S00716_B",3.41005174360851,-0.688923034640733,0.37295111821338
"S00858",0.213647001978572,1.74080475628355,0.762326334681791
"S01060_B_TU",-2.53128289473123,-0.867081000669255,1.39454795689857
"S01103",0.141580874217135,1.92147725080216,0.820435689893065
"S01202",3.23175757460239,-0.691299415056629,1.10795974917659
"S01493",2.54955343025022,-0.142465968087411,0.607355325538311
"S01501",-2.40965056983733,-1.20714712907026,0.203312936947925
"S01502",-1.8514786533148,-1.15035440273485,0.204024562513143
"S01504_B_TU",-1.7513578295263,-1.2631146387865,-0.189015158819967
"S01510",2.97778141200976,-0.89289424195475,1.15968950803794
"S01513",0.318864919625877,-0.610940823581031,-2.43399388339523
"S01515",-0.796782372397211,-0.289216512595251,-0.420365941846323
"S01519",-2.10232236423297,-1.0490705694255,1.25235795856912
"S01520",-1.61763242456991,-0.823650441940847,-0.0202360528444542
"S01521",-0.247274859811788,2.57453246653788,0.413758246742237
"S01522",-1.1223154900347,-1.32588512594774,-1.13835600145836
"S01526",-0.238433279755371,2.27707732617764,0.430540242307942
"S01528",-2.58646022301565,-1.12882618972675,1.16656044022
"S01529",0.0635188131114059,2.20077991403427,1.15700117475152
"S01531",-0.127699625390863,2.29519557633289,0.132187851075027
"S01532",-0.0727319572724375,2.2229382142958,0.825693055452389
"S01536",-2.20673207246321,-0.793563931873006,1.10775861698572
"S01537",0.074011845420962,2.07525429605462,0.468243474792779
"S01538",-0.00870573388832637,2.03171070219216,0.183415828262968
"S01539",-0.0826912105368287,1.50124044896372,0.742860331314126
"S01540",-2.15344999515606,-0.75804517004196,0.219491517871012
"S01541",0.175208394872926,1.2698665578569,-1.2109626959354
"S01543",-1.38280995054868,-0.717985129308062,0.181174936321148
"S01545",-2.28580450653947,-0.76495067709573,0.464583042449367
"S01546",0.492489239974265,1.75324435088439,-0.346522576567382
"S01567",2.33788662210526,-0.66967175579098,-0.541041226099114
"S01572",-1.18903207103395,-0.906259989677804,0.752405122852491
"S01573",-1.99163485998921,-1.05292544513909,0.329118225604107
"S01576",-0.22068290753041,-0.00172306220842713,0.000518364675880873
"S01577",-2.39606679027752,-1.25208152521517,-0.47259007194694
"S01582",0.0748542070839916,1.88237119995552,-0.000157890325125075
"S01583",-0.457110635228477,1.86310272106618,0.587413312033894
"S01584",-0.0766047414711135,2.36363690329144,0.529953208152576
"S01585",-0.161823429151959,1.98085728653896,-0.0460887975366401
"S01590",-1.30900903610193,-0.278565238052707,0.345812234789964
"S01593",0.470008324818224,2.32142003837582,0.605404668591807
"S01605_B_TU",0.219377421081291,1.66680195677222,-0.262415999419043
"S01666",2.78373926286905,-0.656600231117759,1.12809452404475
"S01731",0.570517702847218,1.35726175211703,0.700663031404667
"S01733",-1.60020752468367,-0.0798227034399462,0.800796817171561
"S01742",-2.13338721524361,-1.02032547552087,-0.481451845286894
"S01746",-1.84502671221427,-0.925175049081824,0.0144213701888536
"S02126",-1.51882782830946,-1.55165609756789,0.754980132330839
"S02154",-1.03688245914407,0.00927826547407418,-0.063538539576587
"S02162",-1.28928785428192,-1.08654980229747,-0.53924135073416
"S02323",3.05350255508246,-0.661548872020913,-0.251618124353664
"S02325",3.07955744064987,-0.25703521509005,0.85711675854096
"S02326",0.225407285681353,2.33247119638175,0.14162074752351
"S02327",-2.20779896860939,-0.699159757992405,0.26668145368719
"S02330",-1.64922905795417,-0.990450316910155,-0.0902881436520641
"S02331",-2.1835457869809,-0.84854348066937,0.402026812378297
"S02333",-1.5250960101659,-0.297040183604769,1.1658839113073
"S02334",-0.0630788254910246,2.43957477065683,0.691068038932817
"S02335",-1.68024872244189,-0.94551906975607,0.555987480936299
"S02337",-1.93789561859878,-0.928333688895372,0.0535634726310063
"S02338",-0.210758938594763,2.10464897726615,0.614069265084095
"S02339",-0.122718741947584,2.00143704132255,-0.752074453185016
"S02340",-0.133053107824611,-0.975126013420587,-0.849085696950097
"SRR10720229",-0.869298260919401,-1.14707059282876,-2.00731148656797
"SRR10720230",1.55002200603485,-1.53251564502716,-0.0140332449227571
