"Sample","sc-enriched","Ca A1","Ca B","Ca A2"
"LNEN002",0.0452429861716631,0.0453494648869693,0.851363665257026,0.0580438836843413
"LNEN003",0.0765273489811296,0.0378946102497553,0.068766299635376,0.816811741133739
"LNEN004",0.0669670629803942,0.00917610107886635,0.0412313669718725,0.882625468968867
"LNEN005",0.996121531654965,0.00387846834503497,0,0
"LNEN006",0.108588770527542,0.0970952629729765,0.155060019192271,0.639255947307211
"LNEN007",0.0332576514625725,0,0.903090207297847,0.0636521412395799
"LNEN008",0.000487001934564635,0.0336356477274199,0.925700360169112,0.0401769901689029
"LNEN009",0.367752826510148,0,0.481412245152427,0.150834928337426
"LNEN010",0.0176307753937623,0,0.982369224606238,0
"LNEN011",0.0385846349660488,0.0401502356101461,0,0.921265129423805
"LNEN012",0.82194196502785,0,0.131046231647164,0.0470118033249862
"LNEN013",0.103665207738472,0.755248223756297,0.0901662192965883,0.0509203492086422
"LNEN014",0.00185150821817226,0,0.998148491781828,0
"LNEN015",0.117820303702571,0.0574698443720354,0.817449900963396,0.00725995096199733
"LNEN016",0.336830741625398,0.0349659220224553,0.0214210184385861,0.60678231791356
"LNEN017",0.238622015522728,0,0.744334305575672,0.0170436789015999
"LNEN018",0.135559899268232,0.0748009096980465,0.178033123062386,0.611606067971336
"LNEN019",0.222832391656215,0.624623856035547,0.129763989697163,0.0227797626110749
"LNEN020",0.210946799250399,0,0.743246483669163,0.0458067170804388
"LNEN021",0.266207457715748,0.660916393552271,0.07287614873198,0
"LNEN022",0.743951973875859,0.110512593228751,0.0444419559766474,0.101093476918743
"LNEN023",0,0,0.173937238974179,0.826062761025821
"LNEN024",0.12329138919036,0.249672606662074,0.0320208442157415,0.595015159931824
"LNEN025",0.124343510089453,0,0.0160232086661395,0.859633281244407
"LNEN026",0.200228365869344,0.298577908695369,0.501193725435287,0
"LNEN027",0.179363269625878,0.47678268103062,0,0.343854049343501
"LNEN028",0.223880458094084,0.0384313703172534,0.0506038854369015,0.687084286151761
"LNEN029",0.167982630869907,0,0.785961143269271,0.0460562258608228
"LNEN030",0.258650581166045,0.0413662854048539,0,0.699983133429101
"LNEN031",0.0892757356572507,0.0253494794364962,0.0204968706736541,0.864877914232599
"LNEN032",0.0370818910619422,0,0.000498029580058901,0.962420079357999
"LNEN033",0.134577406984635,0.0539500803234613,0,0.811472512691903
"LNEN034",0.195471624127906,0.620244997690659,0.184283378181434,0
"LNEN035",0.324876358813215,0.0141470062084449,0.636023407540664,0.024953227437677
"LNEN036",0.0865013508327211,0.0793768410393238,0.834121808127955,0
"LNEN037",0.503139664687231,0.42470400302713,0,0.0721563322856392
"LNEN038",0,0.0754040986031329,0.113366017708403,0.811229883688464
"LNEN039",0.190534506927658,0.693749362040742,0,0.1157161310316
"LNEN040",0.122100028208148,0,0.00401920131775738,0.873880770474094
"LNEN044_TU",0.266916950529664,0.684775027414414,0.0483080220559218,0
"LNEN047_TU",0.0386840110457585,0.810094492301028,0.101503310515768,0.0497181861374452
"LNEN048_TU",0.0764050982345877,0.779088104901769,0.126842330255709,0.0176644666079344
"LNEN050_TU",0.021887778327883,0.659854858882684,0.270079555925425,0.048177806864007
"LNEN051_TU",0.0189861365265466,0,0.0718807319674866,0.909133131505967
"LNEN052_TU",0.0097958703393588,0.066335450495122,0.852512234147621,0.0713564450178978
"LNEN053_TU",0,0.0253990151577556,0.93598945825902,0.0386115265832239
"LNEN054_TU",0.229863215430727,0,0.138230020124732,0.631906764444541
"LNEN055_TU",0.152501265840857,0,0.0974093082737829,0.750089425885361
"LNEN056_TU",0.211649209692529,0.243260539658559,0.0937897275255075,0.451300523123405
"LNEN057_TU",0.177134128786181,0.627367578675256,0.167166549083025,0.0283317434555379
"LNEN058_TU",0.19877459477064,0,0.792792515780161,0.00843288944919904
"LNEN060_TU",0.224570629365266,0.0446931933289256,0.114317580023519,0.61641859728229
"LNEN061_TU",0.282234149966471,0.071143627008698,0.0682721649946342,0.578350058030197
"LNEN063_TU",0.114258346458727,0.800023140774002,0.0857185127672708,0
"LNEN064_TU",0.108733880487437,0.0246678192955562,0.128091679836106,0.738506620380901
"LNEN066_TU",0.0637323579105473,0,0.936267642089453,0
"LNEN067_TU",0.0135175956865772,0.0407296513264207,0.936610756362051,0.00914199662495138
"LNEN068_TU",0.25746799058473,0.689411765972462,0.0313805892915944,0.0217396541512135
"LNEN069_TU",0.155004649284518,0.442827880101886,0.350021927762795,0.0521455428508006
"LNEN071_TU",0.714960512889907,0.118124860989101,0.0595020023715908,0.107412623749402
"LNEN072_TU",0.443240087900003,0.00993448407993242,0.497955202602562,0.0488702254175027
"LNEN073_TU",0,0.0538197560415735,0.946180243958426,0
"LNEN074_TU",0.253335175644089,0.0338341467856533,0,0.712830677570258
"LNEN076_TU",0.239160961827205,0.690306196115731,0.0705328420570644,0
"LNEN077_TU",0.0874284753124436,0.251322896478121,0.18334780099227,0.477900827217165
"LNEN079_TU",0.254302371840692,0,0.00355009389428884,0.74214753426502
"LNEN081_TU",0.0373880256131212,0.85921616607194,0.0532142753769471,0.0501815329379918
"LNEN082_TU",0.161993816130832,0.0729159022612078,0.746390016261317,0.0187002653466432
"LNEN083_TU",0.118482568310491,0,0.881517431689509,0
"LNEN084_TU",0.514731138778085,0.00752076666125634,0.427605996479148,0.050142098081511
"LNEN085_TU",0.117132774252786,0.688606798774906,0.194260426972308,0
"LNEN086_TU",0.0336843248496008,0.0479116107767952,0.0299951968483151,0.888408867525289
"LNEN087_TU",0.0748771883861088,0.03540645489143,0.889716356722461,0
"LNEN089_TU",0.131431576637071,0.332442990503769,0.536125432859161,0
"LNEN090_TU",0.0180991396083874,0.0337748021678775,0.93988398579868,0.00824207242505512
"LNEN091_TU",0.359217657242393,0.640782342757607,0,0
"LNEN092_TU2",0.0194881258772008,0.934108915063212,0.0464029590595871,0
"LNEN093_TU2",0.17321948581376,0.713348721186946,0.0649985389962426,0.0484332540030507
"LNEN094_TU5",0.149845506267605,0,0.850154493732395,0
"LNEN095_TU2",0,0.0162314926572447,0.983768507342755,0
"LNEN096_TU3",0.0152978656236609,0.0121851875036411,0.0760204312298954,0.896496515642803
"LNEN097_TU5",0.00360500582670786,0.827937681921054,0.0162148918026854,0.152242420449553
"LNEN098_TU1",0.00461627483778293,0.0314981456951836,0.0193663231076415,0.944519256359392
"LNEN099_TU2",0.241901061904516,0.637086293318021,0.121012644777463,0
"LNEN100_TU1",0.161914695068731,0.838085304931269,0,0
"LNEN101_TU1",0.181794235379893,0.0538126564265033,0,0.764393108193604
"LNEN102_TU1",0.14357241872723,0.0696573019354958,0.0673372585640471,0.719433020773227
"LNEN103_TU2",0.139655969753395,0.798057612310588,0.0253993394683549,0.0368870784676617
"LNEN104_TU3",0.296194106167217,0.686309543782127,0,0.017496350050656
"LNEN105_TU1",0.258186568540494,0.664663428018516,0.0226764449645827,0.0544735584764067
"LNEN106_TU1",0.00442811925060049,0,0.9955718807494,0
"LNEN107_TU2",0.502802236178775,0.339864486830512,0.128813381093832,0.0285198958968816
"LNEN108_TU1",0.201527561080992,0.744703650124693,0.0222676620961246,0.0315011266981901
"LNEN109_TU",0.139401930205216,0.72776607416567,0.034963664912933,0.0978683307161812
"LNEN110_TU",0.227519720914339,0.274089361707861,0.4983909173778,0
"LNEN111_TU2",0.314091131320686,0.0573680180097527,0.617528902723851,0.0110119479457094
"LNEN112_TU1",0.0942728867611529,0.0864945935842078,0.0215239886909208,0.797708530963718
"LNEN113_TU2",0.201238445330399,0.430531043426824,0.0109388332400708,0.357291678002706
"LNEN114_TU2",0.231965681240004,0.0586759207041326,0,0.709358398055864
"LNEN115_TU1",0.115518986686617,0,0.0151677346941129,0.86931327861927
"LNEN116_TU1",0.128659687237597,0,0.871340312762403,0
"LNEN117_TU1",0.0883840563257414,0.639557938503472,0.0300154784802273,0.242042526690559
"LNEN118_TU2",0.0718505875593434,0.0729988400227669,0.0663855256576397,0.78876504676025
"LNEN119_TU3",0,0.106957751509143,0.779354633493616,0.113687614997241
"LNEN121_TU",0.165136728833433,0,0.0167690218230793,0.818094249343488
"LNEN122_TU",0.186939790707871,0.04270382794612,0.59965268639721,0.170703694948799
"LNEN123_TU",0.261959465096608,0.587490758991324,0,0.150549775912068
"LNEN125_TU",0.0591319929368957,0.03852320745402,0.797195913397378,0.105148886211707
"LNEN126_TU",0,0.0819923735522007,0.918007626447799,0
"LNEN127_TU",0,0.0167810570604154,0,0.983218942939585
"LNEN128_TU",0.0967769899793357,0.0584025079190444,0.0215016379696513,0.823318864131969
"LNEN129_TU",0.138999343222307,0.0458782955887086,0,0.815122361188984
"LNEN130_TU",0,0.0968551852381982,0.900229886554999,0.00291492820680297
"LNEN131_TU",0.103979672316656,0.0888029729965124,0.766106172045976,0.0411111826408563
"LNEN132_TU",0.112093025523415,0.0501429115421851,0.757004939197812,0.0807591237365873
"LNEN133_TU",0.15035466925579,0,0.84964533074421,0
"LNEN134_TU",0.338901414590713,0.452960410934129,0.151921965722154,0.0562162087530046
"LNEN135_TU",0.107050747642521,0.801788169990691,0.0466613659985133,0.0444997163682749
"LNEN136_TU",0,0.872287384979148,0.00494380281499796,0.122768812205853
"LNEN137_TU",0.133190552354477,0.0605048120345459,0.0369793574772118,0.769325278133765
"LNEN139_TU",0.0995740566217236,0.791399655832392,0.0883835232240864,0.0206427643217975
"LNEN140_TU",0.123423887871782,0.844243251374883,0.0200794783552438,0.0122533823980904
"LNEN142_TU",0.0458233824944347,0.0470846309355334,0.900083663646931,0.0070083229231013
"LNEN143_TU",0.0372676199614447,0.822775984101757,0.0540827410601692,0.0858736548766294
"LNEN145_TU",0.0695418117303974,0.0308972156878615,0.0716055943962022,0.827955378185539
"LNEN146_TU",0.192925544867022,0.717642010775684,0.0691914915166441,0.0202409528406498
"LNEN147_TU",0.143710496427299,0.794755144734174,0.0615343588385276,0
"LNEN148_TU",0.0463992744100744,0.833365507709706,0.0716557444871311,0.0485794733930883
"LNEN151_TU3",0.228068279331447,0.00735592237166566,0.052430855722487,0.7121449425744
"LNEN152_TU",0.281075693014846,0.0378204438433169,0.028601764509345,0.652502098632492
"LNEN153_TU6",0.116915439939599,0.0569974177647818,0.770443546276984,0.0556435960186346
"LNEN154_TU3",0.217174218903714,0.0509964705456186,0.00782790951603704,0.72400140103463
"LNEN155_TU7",0.0816301275412423,0.0109524219821752,0.0249428386296827,0.8824746118469
"LNEN156_TU",0.299327774993107,0.596733959017314,0.00737947658601529,0.0965587894035634
"LNEN157_TU2",0.10620575038925,0.726542158360683,0,0.167252091250066
"LNEN158_TU",0,0.09473555898015,0.90526444101985,0
"LNEN159_TU2",0,0.0736241464672719,0.926375853532728,0
"LNEN161_TU",0.0974529178555807,0.120303671050392,0.0614737194931008,0.720769691600927
"LNEN162_TU",0.190595383157648,0.678845320734928,0.0174444970748478,0.113114799032575
"LNEN163_TU",0.200936706975855,0.0751485183781196,0.0346404003696089,0.689274374276416
"LNEN164_TU2",0.0163481977504494,0.0852142676358757,0.898437534613675,0
"LNEN165_TU2",0.0642595559285195,0.075566518709967,0.00918038742677513,0.850993537934738
"LNEN166_TU2",0.177771280841757,0.0583285538823195,0,0.763900165275923
"LNEN167_TU2",0.305203818761132,0.0587774496116474,0.63601873162722,0
"LNEN168_TU1",0.0648696670818887,0.0030373674174822,0.0576617985842312,0.874431166916398
"LNEN169_TU1",0.00144508335456872,0.998554916645431,0,0
"LNEN170_TU4",0.128136286201072,0.332122760400936,0.503043474219259,0.0366974791787325
"LNEN171_TU1_R1",0,0.867656782301714,0.0516044891978703,0.0807387285004156
"LNEN172_TU",0.0273182171075492,0.0520017541380569,0.125739904851266,0.794940123903128
"LNEN173_TU",0,0,0.0100453629782111,0.989954637021789
"LNEN174_TU",0.0288331439740971,0.0433382539891251,0.897979169684022,0.0298494323527561
"LNEN175_TU",0.172957728308189,0.582385540288425,0.0568249993617783,0.187831732041608
"LNEN176_TU",0.236813265291743,0.653493652518417,0.0438509855786539,0.0658420966111858
"LNEN177_TU",0.0426589934227315,0.0122750398108358,0.139903974526841,0.805161992239591
"LNEN178_TU",0.156084099707514,0.82573298071027,0,0.0181829195822162
"LNEN179_TU",0.384235829754957,0.577203372521504,0.0385607977235393,0
"LNEN180_TU",0.897980240600429,0.0127673706139124,0.0494609789870568,0.0397914097986016
"LNEN181_TU",0,0.841995679455072,0.0698893518759655,0.0881149686689627
"LNEN182_TU",0.256399538375496,0.643302358391592,0.080888074916954,0.0194100283159569
"LNEN183_TU",0,0.033026279074019,0.961558652661119,0.0054150682648624
"LNEN184_TU",0.234973191221968,0.0110086371675997,0.0032718026868214,0.750746368923611
"LNEN185_TU",0.35198347273281,0.0102350517769714,0.637781475490219,0
"LNEN187_TU",0.227486855674186,0,0,0.772513144325814
"LNEN188_TU",0.272722729707578,0.0661522497566947,0.490312092581963,0.170812927953763
"LNEN190_TU",0.134514267101826,0.816508738898293,0.0447659580100422,0.00421103598983813
"LNEN191_TU",0.086722042873346,0.0765769904431867,0.0337582665547662,0.802942700128701
"LNEN192_TU",0.114087487053619,0.779985596397465,0.0544545986610012,0.0514723178879148
"LNEN193_TU",0.159304641345887,0.726673302895056,0.0410655657939582,0.0729564899650989
"LNEN194_TU",0.126687944207363,0.0675206680475004,0.794504387291866,0.0112870004532711
"LNEN195_TU",0.307237907932719,0.692762092067281,0,0
"LNEN196_TU",0.140843876776552,0.811229935673144,0.0384458898322037,0.00948029771810011
"LNEN197_TU",0.175433169149307,0.793559500966922,0.0288842330417421,0.00212309684202869
"LNEN198_TU",0.0884758958875022,0.67965880750548,0.196413239710114,0.0354520568969037
"LNEN199_TU",0.107176354977824,0.0382908588453055,0,0.854532786176871
"LNEN201_TU",0.145343582381771,0.470040589022875,0.384615828595354,0
"LNEN202_TU",0.150801551246224,0.0336021780751552,0.0260154416193004,0.789580829059321
"LNEN203_TU",0.175430727567207,0.0873516401343842,0.125919149284625,0.611298483013784
"LNEN204_TU",0.106975194235154,0.0584169982569975,0.07742787530815,0.757179932199698
"LNEN205_TU",0.273286660640012,0.667544691219748,0.0298496201228704,0.0293190280173695
"LNEN206_TU",0.962901390807887,0,0.0161484430050595,0.0209501661870536
"LNEN207_TU",0.00760514591944861,0.757644605721939,0.0936048680471519,0.141145380311461
"LNEN208_TU",0.0782522464563511,0.816354146121141,0.0574162921716576,0.0479773152508499
"LNEN209_TU",0.133240309727691,0.0296416297348322,0.837118060537477,0
"LNEN210_TU",0,0.783593472417762,0.216406527582238,0
"LNEN211_TU",0.222308005627214,0.0538558467905327,0.00635819244962763,0.717477955132625
"LNEN212_TU",0.305603566247445,0.570304577767698,0.0968442536659687,0.0272476023188888
"LNEN213_TU",0.240168167659279,0.0149325658453423,0,0.744899266495379
"LNEN214_TU",0.34158471698691,0.269917519027025,0.388497763986065,0
"LNEN215_TU",0,0.879945108280658,0.120054891719342,0
"LNEN216_TU",0.316652107654422,0.623457906221645,0.0556282989727935,0.00426168715113945
"LNEN217_TU",0.728605650054805,0.0517400895026728,0,0.219654260442521
"LNEN218_TU",0.298355155605091,0.0523938076176589,0.649251036777251,0
"LNEN219_TU",0.302545686158679,0.643239749098334,0.0542145647429868,0
"LNEN220_TU",0.305366662702434,0.634182779491272,0.0451700858846671,0.0152804719216265
"LNEN221_TU",0,0.889391901397485,0.0518516632003166,0.0587564354021985
"LNEN223_TU",0.195772840479778,0.72316589308019,0.0327492968506497,0.0483119695893824
"LNEN224_TU",0.159936891958776,0.11013439172394,0.0691789132588862,0.660749803058398
"LNEN225_TU",0.0599108789048912,0.513234703242,0.125878442841049,0.30097597501206
"LNEN226_TU",0.113777708011974,0.0172258603693418,0,0.868996431618684
"LNEN227_TU",0.111661656425538,0.0865182323661624,0.0383192723872948,0.763500838821005
"LNEN228_TU",0.254123131980805,0.0388092442173774,0.0308614572679991,0.676206166533818
"LNEN229_TU",0.20251637163963,0.00701585131218943,0.79046777704818,0
"LNEN230_TU",0.255921422562402,0.140283260011845,0.0308804530001194,0.572914864425634
"LNEN231_TU",0.288902214454014,0.633484421063609,0.0776133644823767,0
"LNEN232_TU",0.111104726126212,0.654914212396478,0.0311138983514711,0.202867163125839
"LNEN233_TU",0.175652462302075,0.735572102487378,0.0756112716318627,0.0131641635786847
"LNEN234_TU",0.2532944826794,0.660280562336974,0.0685160184245735,0.0179089365590524
"LNEN235_TU",0.182812184647468,0,0.0861521114907889,0.731035703861743
"LNEN236_TU",0.151639409629939,0.724683063310073,0.00950547210930711,0.11417205495068
"LNEN237_TU",0.194148109637821,0.0237674605631597,0.748616819963655,0.0334676098353647
"LNEN238_TU",0.271749162544686,0.38227401390576,0.280653747052296,0.0653230764972573
"LNEN239_TU",0.128699764052439,0,0.843284357366496,0.0280158785810657
"LNEN240_TU",0.305549264249634,0,0.66022480992555,0.0342259258248159
"LNEN241_TU",0.380365663400312,0.0547373588973728,0.0286628435290195,0.536234134173296
"LNEN243_TU",0.108915844947395,0,0.0591767927358615,0.831907362316744
"LNEN244_TU",0.258972572829511,0.104375371228824,0.0289852368526938,0.607666819088971
"LNEN245_TU",0.0687210671301161,0.0808878128467927,0.0363387882169285,0.814052331806163
"LNEN246_TU",0,0,0.105843287920549,0.894156712079451
"LNEN247_TU",0.0948089294122911,0.0366790539473452,0.00546383848486409,0.863048178155499
"LNEN248_TU",0.137074381760524,0.094619554499197,0,0.768306063740279
"LNEN249_TU",0.235776846391093,0.692400107353559,0.0487165905108103,0.0231064557445384
"LNEN250_TU",0.22038813031296,0.0607030692936952,0.146820328182421,0.572088472210923
"LNEN251_TU1",0,0.0535283693040553,0.914733990809848,0.0317376398860966
"LNEN252_TU",0.060491314843224,0.0319095863076734,0.907599098849103,0
"LNEN253_TU",0.324435188440675,0.075028844552901,0.0813012711982852,0.519234695808138
"LNEN255_TU",0.0827316331430299,0.75773120578634,0.15953716107063,0
"LNEN258_TU",0.0734913452345261,0.0797906646508129,0.846717990114661,0
"LNEN263_TU",0.0352506426803125,0.0582999794441458,0.0118209043209141,0.894628473554627
"LNEN268_TU",0.0700546472856267,0.00230299156108366,0.0207434890024832,0.906898872150806
"LNEN269_TU",0.177166542288064,0.782605125838937,0.0402283318729987,0
"LNEN270_TU",0.115401886415065,0.0180218184102438,0.0139297990657619,0.852646496108929
"LNEN272_TU",0.0357055840829112,0.83350613119087,0.0643919910527271,0.0663962936734921
"LNEN273_TU",0.12174131488172,0.702024752042622,0.00314743209146262,0.173086500984195
"LNEN274_TU",0.242980930491806,0,0.711716361309413,0.0453027081987806
"LNEN276_TU",0.196682656012529,0.78171789164683,0.0215994523406408,0
"LNEN277_TU",0.219849785751983,0.102170913826248,0.630197728729688,0.0477815716920807
"LNEN278s1_TU1",0.97458304128229,0,0.0254169587177095,0
"LNET10T",0.64049271359198,0.056599816437806,0.124736559699044,0.17817091027117
"LNET13T",0.0416362700784747,0.72120572606664,0.0871032024710205,0.150054801383865
"LNET14T",0.318918659446351,0.584757934380086,0.041722244754086,0.0546011614194763
"LNET16T",0.435440651456809,0.394584310245286,0.11519017129075,0.0547848670071538
"LNET19T",0.296188335967788,0,0,0.703811664032212
"LNET2T",0.158619158715838,0.235646920779359,0.315754070004809,0.289979850499994
"LNET5T",0.136234802800043,0.805612652997065,0.0581525442028915,0
"LNET6T",0.0783736295783423,0.796166024781204,0.0210862245844528,0.104374121056001
"Lu_Aty2",0.895590948301932,0,0.104409051698068,0
"S00016",0.00533531416404931,0.952183481652658,0.00851038984456315,0.0339708143387302
"S00076",0.243919326703427,0.632069270979634,0.108989542430619,0.0150218598863195
"S00089",0.0701316700304974,0.344809140934298,0.585059189035205,0
"S00094",0,0.0438021273727592,0.163749244731124,0.792448627896117
"S00118",0.129573720624318,0.317702481562321,0.543619841669338,0.00910395614402301
"S00128",0.0861464101507288,0.429312101810559,0.396561090099328,0.0879803979393843
"S00515",0.122329251743714,0.0838211900723619,0.0282545781857341,0.765594979998189
"S00516",0.109945009496934,0.0341701537486221,0,0.855884836754444
"S00520",0.101059633637262,0,0.796861863553515,0.102078502809223
"S00716_B",0.0751454743974322,0,0.899085797877012,0.0257687277255561
"S00858",0.0157721909287811,0.080690652365235,0.124305631251185,0.779231525454799
"S01060_B_TU",0,0.886692606037918,0,0.113307393962082
"S01103",0.00466009419399405,0.0692994575994851,0.095795301684491,0.83024514652203
"S01202",0,0.0120811457146618,0.908442865645638,0.0794759886397
"S01493",0.047967833497028,0.00468781259063786,0.713438723603045,0.233905630309289
"S01501",0.153947613721631,0.843851288309347,0,0.00220109796902215
"S01502",0.153231590711932,0.755996430640716,0.0708473698216419,0.0199246088257102
"S01504_B_TU",0.216165625409443,0.718064313105636,0.0657700614849212,0
"S01510",0,0.0802722243302975,0.890599595810918,0.0291281798587846
"S01513",0.564200060325481,0.164361397245192,0.199511781618673,0.0719267608106544
"S01515",0.238657153336277,0.431440636340352,0.108537954778451,0.22136425554492
"S01519",0,0.850568636386326,0.0788991145428682,0.0705322490708055
"S01520",0.18462942266364,0.657840480328843,0.0583860856109764,0.0991440113965407
"S01521",0.0491631588890279,0,0,0.950836841110972
"S01522",0.363542790111688,0.54127424774878,0.0951829621395322,0
"S01526",0.0591101551873129,0.0410609263561185,0,0.899828918456568
"S01528",0.000412599644956879,0.931978138117201,0.00878638876621546,0.0588228734716269
"S01529",0,0.0462190284234595,0.052828548340264,0.900952423236276
"S01531",0.106164723203683,0,0,0.893835276796317
"S01532",0.0016911930446637,0.056930674552606,0.0266945681855774,0.914683564217153
"S01536",0.00376538469605903,0.824048142977484,0.0302551473610817,0.141931324965375
"S01537",0.0608449013455834,0.0300663936299019,0.0445214949388862,0.864567210085628
"S01538",0.108389929730488,0.0267451143587678,0.0172810903590092,0.847583865551735
"S01539",0.0235767000871527,0.156764718317107,0.100842941429437,0.718815640166304
"S01540",0.142903633132088,0.74250372781801,0,0.114592639049902
"S01541",0.343732145676786,0.00500799211382175,0.0432790277081697,0.607980834501222
"S01543",0.149034381948412,0.623860125499183,0.0984707072159958,0.12863478533641
"S01545",0.102548405392656,0.780866728584634,0,0.11658486602271
"S01546",0.185639022785139,0,0.0948255694418962,0.719535407772965
"S01567",0.242935664130023,0.024698705758527,0.663356955426285,0.0690086746851651
"S01572",0.056672273076092,0.666465766190701,0.188718726823846,0.0881432339093607
"S01573",0.13256540808135,0.771589801696782,0.0447380124798629,0.0511067777420053
"S01576",0.162969131121856,0.338425830994316,0.198964524680106,0.299640513203722
"S01577",0.242239417907522,0.757760582092478,0,0
"S01582",0.139561972498291,0.0224238539913003,0.0360604013378863,0.801953772172523
"S01583",0.0443819823936336,0.145841021521121,0,0.809776996085245
"S01584",0.0463329240931256,0.0141216578593052,0,0.939545418047569
"S01585",0.143416057073575,0.0377786779944692,0,0.818805264931956
"S01590",0.116627777860385,0.561944582497818,0.0719425931483011,0.249485046493497
"S01593",0.022325803777693,0,0.0883604374121854,0.889313758810122
"S01605_B_TU",0.183961776731672,0.0129399030567607,0.0673088643446709,0.735789455866896
"S01666",0,0.0729741145531885,0.831216214969156,0.0958096704776559
"S01731",0.0279966967498394,0.080098533018727,0.222630158849847,0.669274611381587
"S01733",0.0418691645429422,0.609660088842029,0.030725739622296,0.317745006992733
"S01742",0.257367400032515,0.723753777874713,0,0.0188788220927715
"S01746",0.181571921957197,0.708036878382314,0.0343339533008075,0.0760572463596814
"S02126",0.0583436265562831,0.76928680438427,0.172369569059447,0
"S02154",0.17846186289711,0.449869199121665,0.0582299467889121,0.313438991192312
"S02162",0.270347367324822,0.609213061069051,0.108837530293806,0.0116020413123204
"S02323",0.17913802911446,0,0.796500297158924,0.024361673726616
"S02325",0,0,0.827255613753274,0.172744386246726
"S02326",0.0992041634260064,0,0.016480119929293,0.8843157166447
"S02327",0.131933739912807,0.744610880436547,0,0.123455379650646
"S02330",0.198187668780066,0.68128782962468,0.0673731034556639,0.0531513981395898
"S02331",0.118274110087254,0.77486051543753,0,0.106865374475216
"S02333",0,0.652237859926006,0.0851694339008183,0.262592706173175
"S02334",0.0200189285260224,0.0136187677171868,0,0.966362303756791
"S02335",0.092308453296476,0.728227198127334,0.0989701866566035,0.0804941619195864
"S02337",0.175801691047726,0.724875375965198,0.0218194495425245,0.0775034834445514
"S02338",0.0384878759711478,0.0779867160799884,0.00342122946362197,0.880104178485242
"S02339",0.242669122213573,0,0,0.757330877786427
"S02340",0.312370435978556,0.402563616785312,0.268015308221563,0.017050639014568
"SRR10720229",0.504066908627768,0.424657629103334,0.0712754622688974,0
"SRR10720231",0,0,0.875179602583298,0.124820397416702
